Source,Target,UniprotKB ACC,PATRIC ID
"PA14_00060",4385186,,
"PA14_00060",4385186,,"fig|208963.12.peg.5"
"PA14_00070",4385187,,"fig|208963.12.peg.6"
"PA14_00070",4385187,,
"PA14_00120",4385192,,"fig|208963.12.peg.11"
"PA14_00120",4385192,,
"PA14_00250",4385204,,"fig|208963.12.peg.22"
"PA14_00250",4385204,,
"PA14_00280",4384742,,"fig|208963.12.peg.23"
"PA14_00280",4384742,,
"PA14_00290",4384743,,
"PA14_00290",4384743,,"fig|208963.12.peg.24"
"PA14_00440",4384754,,"fig|208963.12.peg.35"
"PA14_00440",4384754,,
"PA14_00450",4384755,,"fig|208963.12.peg.36"
"PA14_00450",4384755,,
"PA14_00640",4381745,,"fig|208963.12.peg.54"
"PA14_00640",4381745,,
"PA14_01250",4383522,,
"PA14_01250",4383522,,"fig|208963.12.peg.107"
"PA14_01460",4383538,,
"PA14_01460",4383538,,"fig|208963.12.peg.124"
"PA14_01580",4384246,,
"PA14_01580",4384246,,"fig|208963.12.peg.134"
"PA14_01600",4384247,,
"PA14_01600",4384247,,"fig|208963.12.peg.135"
"PA14_01620",4384249,,
"PA14_01620",4384249,,"fig|208963.12.peg.137"
"PA14_01660",4384251,,"fig|208963.12.peg.139"
"PA14_01660",4384251,,
"PA14_01760",4383542,,"fig|208963.12.peg.149"
"PA14_01760",4383542,,
"PA14_01830",4383548,,"fig|208963.12.peg.157"
"PA14_01830",4383548,,
"PA14_01900",4383553,,"fig|208963.12.peg.162"
"PA14_01900",4383553,,
"PA14_01910",4383554,,"fig|208963.12.peg.163"
"PA14_01910",4383554,,
"PA14_02070",4383566,,"fig|208963.12.peg.176"
"PA14_02070",4383566,,
"PA14_02330",4383584,,
"PA14_02330",4383584,,"fig|208963.12.peg.194"
"PA14_02340",4383585,,"fig|208963.12.peg.195"
"PA14_02340",4383585,,
"PA14_02450",4383592,,
"PA14_02450",4383592,,"fig|208963.12.peg.204"
"PA14_02470",4383594,,
"PA14_02470",4383594,,"fig|208963.12.peg.206"
"PA14_02550",4383600,,"fig|208963.12.peg.212"
"PA14_02550",4383600,,
"PA14_02570",4383602,,"fig|208963.12.peg.214"
"PA14_02570",4383602,,
"PA14_02580",4383603,,
"PA14_02580",4383603,,"fig|208963.12.peg.215"
"PA14_02590",4383604,,"fig|208963.12.peg.216"
"PA14_02590",4383604,,
"PA14_02630",4383607,,
"PA14_02630",4383607,,"fig|208963.12.peg.220"
"PA14_02640",4383608,,
"PA14_02640",4383608,,"fig|208963.12.peg.221"
"PA14_02680",4383611,,
"PA14_02680",4383611,,"fig|208963.12.peg.225"
"PA14_02790",4383639,,
"PA14_02790",4383639,,"fig|208963.12.peg.234"
"PA14_02810",4383640,,"fig|208963.12.peg.235"
"PA14_02810",4383640,,
"PA14_02830",4383641,,
"PA14_02830",4383641,,"fig|208963.12.peg.236"
"PA14_02840",4383642,,
"PA14_02840",4383642,,"fig|208963.12.peg.237"
"PA14_02850",4383643,,"fig|208963.12.peg.238"
"PA14_02850",4383643,,
"PA14_02900",4383646,,"fig|208963.12.peg.241"
"PA14_02900",4383646,,
"PA14_02990",4383652,,"fig|208963.12.peg.247"
"PA14_02990",4383652,,
"PA14_03000",4383653,,
"PA14_03000",4383653,,"fig|208963.12.peg.248"
"PA14_03030",4383656,,"fig|208963.12.peg.251"
"PA14_03030",4383656,,
"PA14_03050",4383658,,
"PA14_03050",4383658,,"fig|208963.12.peg.253"
"PA14_03130",4383665,,"fig|208963.12.peg.260"
"PA14_03130",4383665,,
"PA14_03430",4384324,,
"PA14_03430",4384324,,"fig|208963.12.peg.284"
"PA14_03450",4384325,,"fig|208963.12.peg.286"
"PA14_03450",4384325,,
"PA14_03550",4383678,,"fig|208963.12.peg.294"
"PA14_03550",4383678,,
"PA14_03650",4383685,,
"PA14_03650",4383685,,"fig|208963.12.peg.301"
"PA14_03670",4383686,,"fig|208963.12.peg.302"
"PA14_03670",4383686,,
"PA14_03680",4383687,,
"PA14_03680",4383687,,"fig|208963.12.peg.303"
"PA14_03700",4383688,,"fig|208963.12.peg.304"
"PA14_03700",4383688,,
"PA14_03770",4383693,,
"PA14_03770",4383693,,"fig|208963.12.peg.310"
"PA14_03810",4383697,,
"PA14_03810",4383697,,"fig|208963.12.peg.314"
"PA14_03830",4383698,,"fig|208963.12.peg.315"
"PA14_03830",4383698,,
"PA14_03860",4383700,,
"PA14_03860",4383700,,"fig|208963.12.peg.318"
"PA14_03880",4383702,,"fig|208963.12.peg.320"
"PA14_03880",4383702,,
"PA14_03900",4383703,,
"PA14_03900",4383703,,"fig|208963.12.peg.321"
"PA14_03920",4383704,,"fig|208963.12.peg.322"
"PA14_03920",4383704,,
"PA14_03930",4383705,,"fig|208963.12.peg.323"
"PA14_03930",4383705,,
"PA14_03940",4383706,,"fig|208963.12.peg.324"
"PA14_03940",4383706,,
"PA14_03950",4383707,,"fig|208963.12.peg.325"
"PA14_03950",4383707,,
"PA14_03960",4383708,,
"PA14_03960",4383708,,"fig|208963.12.peg.326"
"PA14_04080",4383718,,"fig|208963.12.peg.337"
"PA14_04080",4383718,,
"PA14_04090",4383719,,
"PA14_04090",4383719,,"fig|208963.12.peg.338"
"PA14_04110",4383721,,"fig|208963.12.peg.340"
"PA14_04110",4383721,,
"PA14_04210",4383727,,
"PA14_04210",4383727,,"fig|208963.12.peg.346"
"PA14_04220",4383728,,"fig|208963.12.peg.348"
"PA14_04220",4383728,,
"PA14_04230",4383729,,"fig|208963.12.peg.349"
"PA14_04230",4383729,,
"PA14_04240",4383730,,
"PA14_04240",4383730,,"fig|208963.12.peg.350"
"PA14_04250",4383731,,"fig|208963.12.peg.351"
"PA14_04250",4383731,,
"PA14_04310",4383735,,"fig|208963.12.peg.355"
"PA14_04310",4383735,,
"PA14_04320",4383736,,
"PA14_04320",4383736,,"fig|208963.12.peg.356"
"PA14_04480",4383748,,
"PA14_04480",4383748,,"fig|208963.12.peg.368"
"PA14_04550",4383753,,"fig|208963.12.peg.373"
"PA14_04550",4383753,,
"PA14_04580",4384274,,
"PA14_04580",4384274,,"fig|208963.12.peg.376"
"PA14_04610",4384276,,
"PA14_04610",4384276,,"fig|208963.12.peg.378"
"PA14_04630",4384277,,"fig|208963.12.peg.380"
"PA14_04630",4384277,,
"PA14_04760",4384288,,"fig|208963.12.peg.391"
"PA14_04760",4384288,,
"PA14_04780",4384289,,
"PA14_04780",4384289,,"fig|208963.12.peg.392"
"PA14_05080",4383779,,
"PA14_05080",4383779,,"fig|208963.12.peg.419"
"PA14_05150",4383783,,
"PA14_05150",4383783,,"fig|208963.12.peg.423"
"PA14_05200",4383787,,"fig|208963.12.peg.427"
"PA14_05200",4383787,,
"PA14_05220",4383789,,
"PA14_05220",4383789,,"fig|208963.12.peg.429"
"PA14_05230",4383790,,"fig|208963.12.peg.430"
"PA14_05230",4383790,,
"PA14_05260",4383792,,
"PA14_05260",4383792,,"fig|208963.12.peg.432"
"PA14_05270",4383793,,"fig|208963.12.peg.433"
"PA14_05270",4383793,,
"PA14_05310",4383797,,"fig|208963.12.peg.437"
"PA14_05310",4383797,,
"PA14_05460",4383810,,
"PA14_05460",4383810,,"fig|208963.12.peg.450"
"PA14_05590",4384298,,
"PA14_05590",4384298,,"fig|208963.12.peg.461"
"PA14_05620",4384300,,"fig|208963.12.peg.463"
"PA14_05620",4384300,,
"PA14_05690",4384305,,
"PA14_05690",4384305,,"fig|208963.12.peg.469"
"PA14_05700",4384306,,"fig|208963.12.peg.470"
"PA14_05700",4384306,,
"PA14_05770",4384309,,
"PA14_05770",4384309,,"fig|208963.12.peg.474"
"PA14_05790",4383813,,"fig|208963.12.peg.476"
"PA14_05790",4383813,,
"PA14_05840",4383816,,"fig|208963.12.peg.479"
"PA14_05840",4383816,,
"PA14_05870",4383819,,
"PA14_05870",4383819,,"fig|208963.12.peg.482"
"PA14_06230",4383845,,
"PA14_06230",4383845,,"fig|208963.12.peg.510"
"PA14_06290",4383851,,
"PA14_06290",4383851,,"fig|208963.12.peg.516"
"PA14_06500",4383866,,
"PA14_06500",4383866,,"fig|208963.12.peg.533"
"PA14_06510",4383867,,
"PA14_06510",4383867,,"fig|208963.12.peg.534"
"PA14_06570",4383870,,
"PA14_06570",4383870,,"fig|208963.12.peg.537"
"PA14_06600",4383872,,
"PA14_06600",4383872,,"fig|208963.12.peg.540"
"PA14_06660",4383876,,"fig|208963.12.peg.545"
"PA14_06660",4383876,,
"PA14_06670",4383877,,"fig|208963.12.peg.546"
"PA14_06670",4383877,,
"PA14_06700",4383880,,
"PA14_06700",4383880,,"fig|208963.12.peg.549"
"PA14_06720",4383882,,"fig|208963.12.peg.551"
"PA14_06720",4383882,,
"PA14_06750",4383885,,"fig|208963.12.peg.554"
"PA14_06750",4383885,,
"PA14_06810",4383889,,"fig|208963.12.peg.558"
"PA14_06810",4383889,,
"PA14_06830",4383890,,
"PA14_06830",4383890,,"fig|208963.12.peg.559"
"PA14_06960",4383901,,"fig|208963.12.peg.571"
"PA14_06960",4383901,,
"PA14_07090",4383913,,"fig|208963.12.peg.583"
"PA14_07090",4383913,,
"PA14_07130",4383915,,
"PA14_07130",4383915,,"fig|208963.12.peg.586"
"PA14_07170",4383918,,
"PA14_07170",4383918,,"fig|208963.12.peg.589"
"PA14_07190",4383919,,
"PA14_07190",4383919,,"fig|208963.12.peg.590"
"PA14_07230",4383922,,
"PA14_07230",4383922,,"fig|208963.12.peg.593"
"PA14_07580",4384228,,"fig|208963.12.peg.622"
"PA14_07580",4384228,,
"PA14_07590",4383930,,"fig|208963.12.peg.623"
"PA14_07590",4383930,,
"PA14_07600",4383931,,
"PA14_07600",4383931,,"fig|208963.12.peg.624"
"PA14_07700",4383938,,"fig|208963.12.peg.631"
"PA14_07700",4383938,,
"PA14_07740",4383941,,"fig|208963.12.peg.634"
"PA14_07740",4383941,,
"PA14_07850",4385478,,
"PA14_07850",4385478,,"fig|208963.12.peg.643"
"PA14_07860",4385479,,"fig|208963.12.peg.644"
"PA14_07860",4385479,,
"PA14_07870",4385480,,
"PA14_07870",4385480,,"fig|208963.12.peg.645"
"PA14_07890",4385481,,
"PA14_07890",4385481,,"fig|208963.12.peg.646"
"PA14_07900",4385482,,
"PA14_07900",4385482,,"fig|208963.12.peg.647"
"PA14_07910",4385483,,
"PA14_07910",4385483,,"fig|208963.12.peg.648"
"PA14_07930",4385484,,
"PA14_07930",4385484,,"fig|208963.12.peg.649"
"PA14_07940",4385485,,"fig|208963.12.peg.650"
"PA14_07940",4385485,,
"PA14_08340",4383974,,
"PA14_08340",4383974,,"fig|208963.12.peg.682"
"PA14_08350",4383975,,
"PA14_08350",4383975,,"fig|208963.12.peg.683"
"PA14_08360",4383976,,
"PA14_08360",4383976,,"fig|208963.12.peg.684"
"PA14_08390",4383979,,"fig|208963.12.peg.687"
"PA14_08390",4383979,,
"PA14_08400",4383980,,"fig|208963.12.peg.688"
"PA14_08400",4383980,,
"PA14_08480",4383987,,
"PA14_08480",4383987,,"fig|208963.12.peg.695"
"PA14_08560",4383993,,"fig|208963.12.peg.701"
"PA14_08560",4383993,,
"PA14_08620",4384613,,
"PA14_08620",4384613,,"fig|208963.12.peg.702"
"PA14_08630",4384612,,
"PA14_08630",4384612,,"fig|208963.12.peg.703"
"PA14_09150",4382943,,"fig|208963.12.peg.746"
"PA14_09150",4382943,,
"PA14_09210",4382939,,
"PA14_09210",4382939,,"fig|208963.12.peg.751"
"PA14_09220",4382938,,
"PA14_09220",4382938,,"fig|208963.12.peg.752"
"PA14_09240",4385702,,
"PA14_09240",4385702,,"fig|208963.12.peg.754"
"PA14_09270",4385700,,"fig|208963.12.peg.756"
"PA14_09270",4385700,,
"PA14_09280",4385699,,
"PA14_09280",4385699,,"fig|208963.12.peg.757"
"PA14_09290",4385698,,
"PA14_09290",4385698,,"fig|208963.12.peg.758"
"PA14_09400",4385691,,"fig|208963.12.peg.765"
"PA14_09400",4385691,,
"PA14_09410",4385690,,
"PA14_09410",4385690,,"fig|208963.12.peg.766"
"PA14_09420",4385689,,"fig|208963.12.peg.767"
"PA14_09420",4385689,,
"PA14_09440",4385688,,
"PA14_09440",4385688,,"fig|208963.12.peg.768"
"PA14_09450",4385687,,
"PA14_09450",4385687,,"fig|208963.12.peg.769"
"PA14_09460",4385686,,"fig|208963.12.peg.770"
"PA14_09460",4385686,,
"PA14_09470",4385685,,
"PA14_09470",4385685,,"fig|208963.12.peg.771"
"PA14_09480",4385684,,"fig|208963.12.peg.772"
"PA14_09480",4385684,,
"PA14_09490",4382219,,
"PA14_09490",4382219,,"fig|208963.12.peg.774"
"PA14_09550",4382214,,
"PA14_09550",4382214,,"fig|208963.12.peg.779"
"PA14_09600",4382211,,
"PA14_09600",4382211,,"fig|208963.12.peg.782"
"PA14_09660",4382208,,"fig|208963.12.peg.785"
"PA14_09660",4382208,,
"PA14_09710",4382204,,
"PA14_09710",4382204,,"fig|208963.12.peg.789"
"PA14_09740",4382202,,
"PA14_09740",4382202,,"fig|208963.12.peg.791"
"PA14_10140",4382170,,
"PA14_10140",4382170,,"fig|208963.12.peg.824"
"PA14_10160",4382169,,
"PA14_10160",4382169,,"fig|208963.12.peg.825"
"PA14_10170",4382168,,
"PA14_10170",4382168,,"fig|208963.12.peg.826"
"PA14_10180",4382167,,
"PA14_10180",4382167,,"fig|208963.12.peg.827"
"PA14_10200",4382165,,"fig|208963.12.peg.829"
"PA14_10200",4382165,,
"PA14_10230",4382162,,
"PA14_10230",4382162,,"fig|208963.12.peg.832"
"PA14_10240",4382161,,
"PA14_10240",4382161,,"fig|208963.12.peg.833"
"PA14_10250",4382160,,"fig|208963.12.peg.834"
"PA14_10250",4382160,,
"PA14_10260",4382159,,"fig|208963.12.peg.835"
"PA14_10260",4382159,,
"PA14_10420",4382145,,"fig|208963.12.peg.848"
"PA14_10420",4382145,,
"PA14_10530",4382139,,"fig|208963.12.peg.855"
"PA14_10530",4382139,,
"PA14_10550",4382137,,"fig|208963.12.peg.857"
"PA14_10550",4382137,,
"PA14_10600",4382133,,"fig|208963.12.peg.861"
"PA14_10600",4382133,,
"PA14_10620",4382131,,"fig|208963.12.peg.863"
"PA14_10620",4382131,,
"PA14_10630",4382130,,
"PA14_10630",4382130,,"fig|208963.12.peg.864"
"PA14_10790",4382097,,"fig|208963.12.peg.878"
"PA14_10790",4382097,,
"PA14_10850",4382092,,
"PA14_10850",4382092,,"fig|208963.12.peg.883"
"PA14_10890",4382090,,
"PA14_10890",4382090,,"fig|208963.12.peg.885"
"PA14_10900",4382089,,"fig|208963.12.peg.886"
"PA14_10900",4382089,,
"PA14_10990",4382081,,
"PA14_10990",4382081,,"fig|208963.12.peg.894"
"PA14_11000",4382080,,
"PA14_11000",4382080,,"fig|208963.12.peg.895"
"PA14_11030",4382077,,"fig|208963.12.peg.898"
"PA14_11030",4382077,,
"PA14_11130",4382068,,
"PA14_11130",4382068,,"fig|208963.12.peg.907"
"PA14_11190",4382062,,
"PA14_11190",4382062,,"fig|208963.12.peg.913"
"PA14_11260",4382057,,
"PA14_11260",4382057,,"fig|208963.12.peg.918"
"PA14_11400",4382046,,"fig|208963.12.peg.931"
"PA14_11400",4382046,,
"PA14_11410",4382045,,
"PA14_11410",4382045,,"fig|208963.12.peg.932"
"PA14_11420",4382044,,"fig|208963.12.peg.933"
"PA14_11420",4382044,,
"PA14_11430",4382724,,"fig|208963.12.peg.934"
"PA14_11430",4382724,,
"PA14_11460",4382722,,
"PA14_11460",4382722,,"fig|208963.12.peg.936"
"PA14_11470",4382721,,
"PA14_11470",4382721,,"fig|208963.12.peg.937"
"PA14_11510",4382718,,"fig|208963.12.peg.940"
"PA14_11510",4382718,,
"PA14_11530",4382716,,"fig|208963.12.peg.942"
"PA14_11530",4382716,,
"PA14_11550",4382715,,"fig|208963.12.peg.943"
"PA14_11550",4382715,,
"PA14_11560",4382714,,"fig|208963.12.peg.944"
"PA14_11560",4382714,,
"PA14_11690",4382040,,
"PA14_11690",4382040,,"fig|208963.12.peg.957"
"PA14_11760",4382034,,
"PA14_11760",4382034,,"fig|208963.12.peg.964"
"PA14_11770",4382033,,
"PA14_11770",4382033,,"fig|208963.12.peg.965"
"PA14_11790",4382032,,"fig|208963.12.peg.966"
"PA14_11790",4382032,,
"PA14_11810",4382031,,"fig|208963.12.peg.967"
"PA14_11810",4382031,,
"PA14_11860",4382029,,"fig|208963.12.peg.970"
"PA14_11860",4382029,,
"PA14_12010",4383494,,"fig|208963.12.peg.983"
"PA14_12010",4383494,,
"PA14_12020",4383493,,"fig|208963.12.peg.984"
"PA14_12020",4383493,,
"PA14_12060",4383490,,
"PA14_12060",4383490,,"fig|208963.12.peg.987"
"PA14_12230",4382017,,
"PA14_12230",4382017,,"fig|208963.12.peg.1001"
"PA14_12300",4382013,,"fig|208963.12.peg.1006"
"PA14_12300",4382013,,
"PA14_12390",4382007,,
"PA14_12390",4382007,,"fig|208963.12.peg.1012"
"PA14_12400",4382006,,
"PA14_12400",4382006,,"fig|208963.12.peg.1013"
"PA14_12410",4382005,,"fig|208963.12.peg.1014"
"PA14_12410",4382005,,
"PA14_12490",4384058,,
"PA14_12490",4384058,,"fig|208963.12.peg.1019"
"PA14_12890",4381989,,
"PA14_12890",4381989,,"fig|208963.12.peg.1052"
"PA14_12920",4381986,,
"PA14_12920",4381986,,"fig|208963.12.peg.1055"
"PA14_12940",4381985,,"fig|208963.12.peg.1056"
"PA14_12940",4381985,,
"PA14_12960",4381984,,"fig|208963.12.peg.1057"
"PA14_12960",4381984,,
"PA14_12990",4381981,,"fig|208963.12.peg.1060"
"PA14_12990",4381981,,
"PA14_13110",4381972,,
"PA14_13110",4381972,,"fig|208963.12.peg.1070"
"PA14_13170",4381968,,"fig|208963.12.peg.1075"
"PA14_13170",4381968,,
"PA14_13430",4381946,,
"PA14_13430",4381946,,"fig|208963.12.peg.1098"
"PA14_13500",4381941,,
"PA14_13500",4381941,,"fig|208963.12.peg.1103"
"PA14_13580",4381936,,"fig|208963.12.peg.1109"
"PA14_13580",4381936,,
"PA14_13590",4381935,,"fig|208963.12.peg.1110"
"PA14_13590",4381935,,
"PA14_13600",4381934,,"fig|208963.12.peg.1111"
"PA14_13600",4381934,,
"PA14_13610",4381933,,
"PA14_13610",4381933,,"fig|208963.12.peg.1112"
"PA14_13620",4381932,,"fig|208963.12.peg.1113"
"PA14_13620",4381932,,
"PA14_13750",4381921,,"fig|208963.12.peg.1124"
"PA14_13750",4381921,,
"PA14_13770",4381920,,
"PA14_13770",4381920,,"fig|208963.12.peg.1125"
"PA14_13780",4381919,,"fig|208963.12.peg.1126"
"PA14_13780",4381919,,
"PA14_13800",4381918,,"fig|208963.12.peg.1127"
"PA14_13800",4381918,,
"PA14_13810",4381917,,"fig|208963.12.peg.1128"
"PA14_13810",4381917,,
"PA14_13830",4381916,,
"PA14_13830",4381916,,"fig|208963.12.peg.1129"
"PA14_14010",4385351,,
"PA14_14010",4385351,,"fig|208963.12.peg.1140"
"PA14_14060",4385348,,
"PA14_14060",4385348,,"fig|208963.12.peg.1144"
"PA14_14100",4385346,,
"PA14_14100",4385346,,"fig|208963.12.peg.1146"
"PA14_14110",4385345,,
"PA14_14110",4385345,,"fig|208963.12.peg.1147"
"PA14_14700",4381886,,"fig|208963.12.peg.1191"
"PA14_14700",4381886,,
"PA14_14820",4381877,,"fig|208963.12.peg.1200"
"PA14_14820",4381877,,
"PA14_14860",4381874,,
"PA14_14860",4381874,,"fig|208963.12.peg.1203"
"PA14_14880",4381873,,
"PA14_14880",4381873,,"fig|208963.12.peg.1204"
"PA14_14890",4381872,,
"PA14_14890",4381872,,"fig|208963.12.peg.1205"
"PA14_14940",4384564,,
"PA14_14940",4384564,,"fig|208963.12.peg.1209"
"PA14_15030",4384559,,"fig|208963.12.peg.1215"
"PA14_15030",4384559,,
"PA14_15310",4381859,,"fig|208963.12.peg.1240"
"PA14_15310",4381859,,
"PA14_15340",4381858,,"fig|208963.12.peg.1241"
"PA14_15340",4381858,,
"PA14_15700",4381301,,
"PA14_15700",4381301,,"fig|208963.12.peg.1273"
"PA14_15740",4381298,,"fig|208963.12.peg.1276"
"PA14_15740",4381298,,
"PA14_15780",4381295,,"fig|208963.12.peg.1279"
"PA14_15780",4381295,,
"PA14_15790",4381294,,
"PA14_15790",4381294,,"fig|208963.12.peg.1280"
"PA14_15820",4381292,,
"PA14_15820",4381292,,"fig|208963.12.peg.1282"
"PA14_15890",4381637,,"fig|208963.12.peg.1289"
"PA14_15890",4381637,,
"PA14_16030",4381625,,
"PA14_16030",4381625,,"fig|208963.12.peg.1302"
"PA14_16070",4381622,,
"PA14_16070",4381622,,"fig|208963.12.peg.1305"
"PA14_16090",4381621,,"fig|208963.12.peg.1306"
"PA14_16090",4381621,,
"PA14_16360",4384662,,
"PA14_16360",4384662,,"fig|208963.12.peg.1329"
"PA14_16390",4384659,,
"PA14_16390",4384659,,"fig|208963.12.peg.1332"
"PA14_16660",4381614,,
"PA14_16660",4381614,,"fig|208963.12.peg.1353"
"PA14_16690",4381611,,"fig|208963.12.peg.1357"
"PA14_16690",4381611,,
"PA14_16700",4381610,,
"PA14_16700",4381610,,"fig|208963.12.peg.1358"
"PA14_16860",4383364,,"fig|208963.12.peg.1371"
"PA14_16860",4383364,,
"PA14_16950",4383357,,
"PA14_16950",4383357,,"fig|208963.12.peg.1378"
"PA14_17010",4383351,,
"PA14_17010",4383351,,"fig|208963.12.peg.1384"
"PA14_17030",4383350,,"fig|208963.12.peg.1385"
"PA14_17030",4383350,,
"PA14_17080",4383267,,"fig|208963.12.peg.1390"
"PA14_17080",4383267,,
"PA14_17110",4383265,,
"PA14_17110",4383265,,"fig|208963.12.peg.1392"
"PA14_17120",4383264,,"fig|208963.12.peg.1393"
"PA14_17120",4383264,,
"PA14_17130",4383263,,"fig|208963.12.peg.1394"
"PA14_17130",4383263,,
"PA14_17180",4383259,,
"PA14_17180",4383259,,"fig|208963.12.peg.1398"
"PA14_17190",4383258,,
"PA14_17190",4383258,,"fig|208963.12.peg.1399"
"PA14_17210",4383257,,"fig|208963.12.peg.1400"
"PA14_17210",4383257,,
"PA14_17220",4383256,,"fig|208963.12.peg.1401"
"PA14_17220",4383256,,
"PA14_17270",4383252,,"fig|208963.12.peg.1405"
"PA14_17270",4383252,,
"PA14_17290",4383250,,
"PA14_17290",4383250,,"fig|208963.12.peg.1407"
"PA14_17310",4381599,,"fig|208963.12.peg.1408"
"PA14_17310",4381599,,
"PA14_17320",4381598,,"fig|208963.12.peg.1409"
"PA14_17320",4381598,,
"PA14_17340",4381596,,
"PA14_17340",4381596,,"fig|208963.12.peg.1411"
"PA14_17400",4381592,,"fig|208963.12.peg.1415"
"PA14_17400",4381592,,
"PA14_17420",4381590,,
"PA14_17420",4381590,,"fig|208963.12.peg.1417"
"PA14_17450",4381588,,
"PA14_17450",4381588,,"fig|208963.12.peg.1419"
"PA14_17610",4381573,,
"PA14_17610",4381573,,"fig|208963.12.peg.1436"
"PA14_17620",4381572,,
"PA14_17620",4381572,,"fig|208963.12.peg.1437"
"PA14_17630",4381571,,"fig|208963.12.peg.1438"
"PA14_17630",4381571,,
"PA14_17640",4381570,,
"PA14_17640",4381570,,"fig|208963.12.peg.1439"
"PA14_17675",4384149,,"fig|208963.12.peg.1443"
"PA14_17675",4384149,,
"PA14_17740",4381561,,
"PA14_17740",4381561,,"fig|208963.12.peg.1449"
"PA14_17860",4381554,,
"PA14_17860",4381554,,"fig|208963.12.peg.1457"
"PA14_17880",4381553,,
"PA14_17880",4381553,,"fig|208963.12.peg.1458"
"PA14_17930",4381548,,
"PA14_17930",4381548,,"fig|208963.12.peg.1463"
"PA14_17960",4381546,,"fig|208963.12.peg.1466"
"PA14_17960",4381546,,
"PA14_17980",4381545,,
"PA14_17980",4381545,,"fig|208963.12.peg.1467"
"PA14_18010",4381543,,
"PA14_18010",4381543,,"fig|208963.12.peg.1469"
"PA14_18120",4381533,,
"PA14_18120",4381533,,"fig|208963.12.peg.1478"
"PA14_18140",4381532,,
"PA14_18140",4381532,,"fig|208963.12.peg.1479"
"PA14_18150",4381531,,
"PA14_18150",4381531,,"fig|208963.12.peg.1480"
"PA14_18250",4381525,,"fig|208963.12.peg.1487"
"PA14_18250",4381525,,
"PA14_18260",4381524,,"fig|208963.12.peg.1488"
"PA14_18260",4381524,,
"PA14_18275",4384189,,"fig|208963.12.peg.1489"
"PA14_18275",4384189,,
"PA14_18300",4381523,,
"PA14_18300",4381523,,"fig|208963.12.peg.1490"
"PA14_18380",4381515,,
"PA14_18380",4381515,,"fig|208963.12.peg.1498"
"PA14_18410",4381514,,
"PA14_18410",4381514,,"fig|208963.12.peg.1499"
"PA14_18430",4381513,,
"PA14_18430",4381513,,"fig|208963.12.peg.1500"
"PA14_18450",4381512,,
"PA14_18450",4381512,,"fig|208963.12.peg.1501"
"PA14_18480",4381510,,"fig|208963.12.peg.1504"
"PA14_18480",4381510,,
"PA14_18500",4381509,,"fig|208963.12.peg.1505"
"PA14_18500",4381509,,
"PA14_18510",4381508,,
"PA14_18510",4381508,,"fig|208963.12.peg.1506"
"PA14_18520",4381507,,
"PA14_18520",4381507,,"fig|208963.12.peg.1507"
"PA14_18550",4381506,,"fig|208963.12.peg.1508"
"PA14_18550",4381506,,
"PA14_18565",4384139,,"fig|208963.12.peg.1509"
"PA14_18565",4384139,,
"PA14_18580",4381505,,
"PA14_18580",4381505,,"fig|208963.12.peg.1510"
"PA14_18600",4381503,,
"PA14_18600",4381503,,"fig|208963.12.peg.1512"
"PA14_18610",4381502,,"fig|208963.12.peg.1513"
"PA14_18610",4381502,,
"PA14_18710",4381492,,
"PA14_18710",4381492,,"fig|208963.12.peg.1523"
"PA14_18740",4381490,,"fig|208963.12.peg.1525"
"PA14_18740",4381490,,
"PA14_18750",4381489,,
"PA14_18750",4381489,,"fig|208963.12.peg.1526"
"PA14_18970",4381470,,
"PA14_18970",4381470,,"fig|208963.12.peg.1545"
"PA14_19050",4381466,,"fig|208963.12.peg.1551"
"PA14_19050",4381466,,
"PA14_19090",4381465,,"fig|208963.12.peg.1553"
"PA14_19090",4381465,,
"PA14_19100",4381464,,
"PA14_19100",4381464,,"fig|208963.12.peg.1554"
"PA14_19110",4381463,,"fig|208963.12.peg.1555"
"PA14_19110",4381463,,
"PA14_19130",4381441,,"fig|208963.12.peg.1557"
"PA14_19130",4381441,,
"PA14_19140",4381440,,
"PA14_19140",4381440,,"fig|208963.12.peg.1558"
"PA14_19190",4381436,,
"PA14_19190",4381436,,"fig|208963.12.peg.1563"
"PA14_19350",4381427,,
"PA14_19350",4381427,,"fig|208963.12.peg.1573"
"PA14_19370",4381425,,
"PA14_19370",4381425,,"fig|208963.12.peg.1575"
"PA14_19400",4385242,,"fig|208963.12.peg.1578"
"PA14_19400",4385242,,
"PA14_19470",4385238,,"fig|208963.12.peg.1582"
"PA14_19470",4385238,,
"PA14_19500",4385235,,
"PA14_19500",4385235,,"fig|208963.12.peg.1585"
"PA14_19510",4385234,,
"PA14_19510",4385234,,"fig|208963.12.peg.1586"
"PA14_19520",4385233,,
"PA14_19520",4385233,,"fig|208963.12.peg.1587"
"PA14_19570",4385229,,"fig|208963.12.peg.1591"
"PA14_19570",4385229,,
"PA14_19580",4385228,,
"PA14_19580",4385228,,"fig|208963.12.peg.1592"
"PA14_19630",4381851,,"fig|208963.12.peg.1597"
"PA14_19630",4381851,,
"PA14_19770",4381838,,
"PA14_19770",4381838,,"fig|208963.12.peg.1610"
"PA14_19870",4381384,,"fig|208963.12.peg.1616"
"PA14_19870",4381384,,
"PA14_19900",4381383,,"fig|208963.12.peg.1617"
"PA14_19900",4381383,,
"PA14_19910",4381382,,"fig|208963.12.peg.1618"
"PA14_19910",4381382,,
"PA14_20140",4381361,,
"PA14_20140",4381361,,"fig|208963.12.peg.1639"
"PA14_20200",4381356,,
"PA14_20200",4381356,,"fig|208963.12.peg.1644"
"PA14_20270",4381351,,
"PA14_20270",4381351,,"fig|208963.12.peg.1649"
"PA14_20300",4381348,,"fig|208963.12.peg.1652"
"PA14_20300",4381348,,
"PA14_20320",4381347,,
"PA14_20320",4381347,,"fig|208963.12.peg.1653"
"PA14_20330",4381346,,
"PA14_20330",4381346,,"fig|208963.12.peg.1654"
"PA14_20400",4385757,,"fig|208963.12.peg.1660"
"PA14_20400",4385757,,
"PA14_20420",4385756,,
"PA14_20420",4385756,,"fig|208963.12.peg.1661"
"PA14_20560",4385744,,"fig|208963.12.peg.1672"
"PA14_20560",4385744,,
"PA14_20650",4382270,,"fig|208963.12.peg.1681"
"PA14_20650",4382270,,
"PA14_20670",4382269,,"fig|208963.12.peg.1682"
"PA14_20670",4382269,,
"PA14_20890",4384596,,
"PA14_20890",4384596,,"fig|208963.12.peg.1702"
"PA14_20950",4384592,,"fig|208963.12.peg.1706"
"PA14_20950",4384592,,
"PA14_21110",4385431,,
"PA14_21110",4385431,,"fig|208963.12.peg.1720"
"PA14_21140",4385428,,"fig|208963.12.peg.1723"
"PA14_21140",4385428,,
"PA14_21150",4385427,,
"PA14_21150",4385427,,"fig|208963.12.peg.1724"
"PA14_21160",4385426,,
"PA14_21160",4385426,,"fig|208963.12.peg.1725"
"PA14_21175",4384147,,"fig|208963.12.peg.1726"
"PA14_21175",4384147,,
"PA14_21340",4381319,,"fig|208963.12.peg.1742"
"PA14_21340",4381319,,
"PA14_21370",4381318,,"fig|208963.12.peg.1743"
"PA14_21370",4381318,,
"PA14_21410",4381315,,
"PA14_21410",4381315,,"fig|208963.12.peg.1746"
"PA14_21910",4381252,,"fig|208963.12.peg.1793"
"PA14_21910",4381252,,
"PA14_21920",4381251,,
"PA14_21920",4381251,,"fig|208963.12.peg.1794"
"PA14_21930",4381250,,
"PA14_21930",4381250,,"fig|208963.12.peg.1795"
"PA14_21960",4381248,,
"PA14_21960",4381248,,"fig|208963.12.peg.1797"
"PA14_22000",4381244,,"fig|208963.12.peg.1801"
"PA14_22000",4381244,,
"PA14_22050",4381240,,"fig|208963.12.peg.1805"
"PA14_22050",4381240,,
"PA14_22350",4381215,,
"PA14_22350",4381215,,"fig|208963.12.peg.1817"
"PA14_22620",4383116,,"fig|208963.12.peg.1840"
"PA14_22620",4383116,,
"PA14_22690",4381204,,"fig|208963.12.peg.1847"
"PA14_22690",4381204,,
"PA14_22890",4381188,,
"PA14_22890",4381188,,"fig|208963.12.peg.1864"
"PA14_22910",4381187,,
"PA14_22910",4381187,,"fig|208963.12.peg.1865"
"PA14_22930",4381186,,"fig|208963.12.peg.1866"
"PA14_22930",4381186,,
"PA14_22980",4381183,,"fig|208963.12.peg.1870"
"PA14_22980",4381183,,
"PA14_22990",4381182,,
"PA14_22990",4381182,,"fig|208963.12.peg.1871"
"PA14_23000",4381181,,"fig|208963.12.peg.1872"
"PA14_23000",4381181,,
"PA14_23010",4381180,,"fig|208963.12.peg.1873"
"PA14_23010",4381180,,
"PA14_23070",4381176,,"fig|208963.12.peg.1879"
"PA14_23070",4381176,,
"PA14_23080",4381175,,
"PA14_23080",4381175,,"fig|208963.12.peg.1880"
"PA14_23090",4381174,,"fig|208963.12.peg.1881"
"PA14_23090",4381174,,
"PA14_23160",4381169,,"fig|208963.12.peg.1887"
"PA14_23160",4381169,,
"PA14_23170",4381168,,
"PA14_23170",4381168,,"fig|208963.12.peg.1888"
"PA14_23210",4381165,,"fig|208963.12.peg.1891"
"PA14_23210",4381165,,
"PA14_23220",4381164,,
"PA14_23220",4381164,,"fig|208963.12.peg.1892"
"PA14_23250",4381162,,
"PA14_23250",4381162,,"fig|208963.12.peg.1894"
"PA14_23270",4381160,,"fig|208963.12.peg.1896"
"PA14_23270",4381160,,
"PA14_23280",4381159,,
"PA14_23280",4381159,,"fig|208963.12.peg.1897"
"PA14_23290",4381158,,"fig|208963.12.peg.1898"
"PA14_23290",4381158,,
"PA14_23310",4381157,,"fig|208963.12.peg.1899"
"PA14_23310",4381157,,
"PA14_23320",4381156,,
"PA14_23320",4381156,,"fig|208963.12.peg.1900"
"PA14_23360",4381152,,
"PA14_23370",4381151,,
"PA14_23380",4381150,,
"PA14_23390",4381149,,
"PA14_23410",4381147,,
"PA14_23440",4381144,,
"PA14_23450",4381143,,"fig|208963.12.peg.1906"
"PA14_23450",4381143,,
"PA14_23460",4381142,,"fig|208963.12.peg.1907"
"PA14_23460",4381142,,
"PA14_23470",4381141,,
"PA14_23470",4381141,,"fig|208963.12.peg.1908"
"PA14_23500",4381139,,
"PA14_23500",4381139,,"fig|208963.12.peg.1910"
"PA14_23560",4381134,,
"PA14_23560",4381134,,"fig|208963.12.peg.1915"
"PA14_23620",4381131,,
"PA14_23620",4381131,,"fig|208963.12.peg.1918"
"PA14_23750",4381121,,
"PA14_23750",4381121,,"fig|208963.12.peg.1928"
"PA14_23760",4381120,,
"PA14_23760",4381120,,"fig|208963.12.peg.1929"
"PA14_23790",4381118,,
"PA14_23790",4381118,,"fig|208963.12.peg.1931"
"PA14_23800",4381117,,"fig|208963.12.peg.1932"
"PA14_23800",4381117,,
"PA14_23840",4381114,,
"PA14_23840",4381114,,"fig|208963.12.peg.1935"
"PA14_23850",4381113,,
"PA14_23850",4381113,,"fig|208963.12.peg.1936"
"PA14_23860",4381112,,"fig|208963.12.peg.1937"
"PA14_23860",4381112,,
"PA14_23880",4381111,,
"PA14_23880",4381111,,"fig|208963.12.peg.1938"
"PA14_23920",4381108,,"fig|208963.12.peg.1941"
"PA14_23920",4381108,,
"PA14_23930",4381107,,"fig|208963.12.peg.1942"
"PA14_23930",4381107,,
"PA14_24170",4381092,,
"PA14_24170",4381092,,"fig|208963.12.peg.1957"
"PA14_24190",4384121,,
"PA14_24190",4384121,,"fig|208963.12.peg.1959"
"PA14_24220",4384119,,"fig|208963.12.peg.1961"
"PA14_24220",4384119,,
"PA14_24290",4384114,,
"PA14_24290",4384114,,"fig|208963.12.peg.1968"
"PA14_24445",4384196,,
"PA14_24445",4384196,,"fig|208963.12.peg.1983"
"PA14_24640",4381074,,"fig|208963.12.peg.1998"
"PA14_24640",4381074,,
"PA14_24730",4381068,,"fig|208963.12.peg.2005"
"PA14_24730",4381068,,
"PA14_24780",4381064,,
"PA14_24780",4381064,,"fig|208963.12.peg.2010"
"PA14_24830",4381060,,"fig|208963.12.peg.2014"
"PA14_24830",4381060,,
"PA14_24950",4384444,,"fig|208963.12.peg.2024"
"PA14_24950",4384444,,
"PA14_24960",4384443,,
"PA14_24960",4384443,,"fig|208963.12.peg.2025"
"PA14_25080",4384433,,"fig|208963.12.peg.2036"
"PA14_25080",4384433,,
"PA14_25090",4384432,,
"PA14_25090",4384432,,"fig|208963.12.peg.2037"
"PA14_25210",4381030,,
"PA14_25210",4381030,,"fig|208963.12.peg.2046"
"PA14_25250",4381027,,
"PA14_25250",4381027,,"fig|208963.12.peg.2049"
"PA14_25270",4381026,,
"PA14_25270",4381026,,"fig|208963.12.peg.2050"
"PA14_25390",4381018,,
"PA14_25390",4381018,,"fig|208963.12.peg.2059"
"PA14_25510",4381007,,
"PA14_25510",4381007,,"fig|208963.12.peg.2070"
"PA14_25530",4381005,,"fig|208963.12.peg.2072"
"PA14_25530",4381005,,
"PA14_25550",4381003,,
"PA14_25550",4381003,,"fig|208963.12.peg.2074"
"PA14_25580",4381001,,
"PA14_25580",4381001,,"fig|208963.12.peg.2077"
"PA14_25640",4380995,,
"PA14_25640",4380995,,"fig|208963.12.peg.2083"
"PA14_25650",4384349,,"fig|208963.12.peg.2084"
"PA14_25650",4384349,,
"PA14_25660",4384348,,
"PA14_25660",4384348,,"fig|208963.12.peg.2085"
"PA14_25690",4384346,,
"PA14_25690",4384346,,"fig|208963.12.peg.2088"
"PA14_25710",4384345,,"fig|208963.12.peg.2089"
"PA14_25710",4384345,,
"PA14_25740",4384343,,
"PA14_25740",4384343,,"fig|208963.12.peg.2091"
"PA14_25920",4380994,,
"PA14_25920",4380994,,"fig|208963.12.peg.2105"
"PA14_25970",4380990,,
"PA14_25970",4380990,,"fig|208963.12.peg.2110"
"PA14_25980",4380989,,"fig|208963.12.peg.2111"
"PA14_25980",4380989,,
"PA14_26010",4380986,,
"PA14_26010",4380986,,"fig|208963.12.peg.2114"
"PA14_26050",4380984,,
"PA14_26050",4380984,,"fig|208963.12.peg.2117"
"PA14_26210",4380972,,"fig|208963.12.peg.2130"
"PA14_26210",4380972,,
"PA14_26220",4380971,,
"PA14_26220",4380971,,"fig|208963.12.peg.2131"
"PA14_26230",4380970,,"fig|208963.12.peg.2132"
"PA14_26230",4380970,,
"PA14_26240",4380969,,"fig|208963.12.peg.2133"
"PA14_26240",4380969,,
"PA14_26360",4380960,,
"PA14_26360",4380960,,"fig|208963.12.peg.2142"
"PA14_26390",4380959,,
"PA14_26390",4380959,,"fig|208963.12.peg.2143"
"PA14_26400",4380958,,"fig|208963.12.peg.2144"
"PA14_26400",4380958,,
"PA14_26460",4380955,,
"PA14_26460",4380955,,"fig|208963.12.peg.2147"
"PA14_26480",4380953,,
"PA14_26480",4380953,,"fig|208963.12.peg.2149"
"PA14_26485",4384035,,
"PA14_26485",4384035,,"fig|208963.12.peg.2150"
"PA14_26500",4380952,,
"PA14_26500",4380952,,"fig|208963.12.peg.2151"
"PA14_26510",4380951,,"fig|208963.12.peg.2152"
"PA14_26510",4380951,,
"PA14_26530",4380950,,"fig|208963.12.peg.2153"
"PA14_26530",4380950,,
"PA14_26590",4380944,,
"PA14_26590",4380944,,"fig|208963.12.peg.2159"
"PA14_26650",4380939,,
"PA14_26650",4380939,,"fig|208963.12.peg.2164"
"PA14_26890",4380923,,
"PA14_26890",4380923,,"fig|208963.12.peg.2180"
"PA14_27500",4380876,,
"PA14_27500",4380876,,"fig|208963.12.peg.2231"
"PA14_27960",4380820,,
"PA14_27960",4380820,,"fig|208963.12.peg.2270"
"PA14_28170",4380801,,"fig|208963.12.peg.2288"
"PA14_28170",4380801,,
"PA14_28180",4380800,,
"PA14_28180",4380800,,"fig|208963.12.peg.2289"
"PA14_28650",4380758,,
"PA14_28650",4380758,,"fig|208963.12.peg.2334"
"PA14_29110",4384680,,"fig|208963.12.peg.2374"
"PA14_29110",4384680,,
"PA14_29410",4380713,,"fig|208963.12.peg.2403"
"PA14_29410",4380713,,
"PA14_29600",4380697,,
"PA14_29600",4380697,,"fig|208963.12.peg.2419"
"PA14_29850",4380680,,"fig|208963.12.peg.2438"
"PA14_29850",4380680,,
"PA14_29860",4380679,,
"PA14_29860",4380679,,"fig|208963.12.peg.2439"
"PA14_29880",4380678,,"fig|208963.12.peg.2440"
"PA14_29880",4380678,,
"PA14_29890",4380677,,"fig|208963.12.peg.2441"
"PA14_29890",4380677,,
"PA14_29900",4380676,,"fig|208963.12.peg.2442"
"PA14_29900",4380676,,
"PA14_29920",4380675,,
"PA14_29920",4380675,,"fig|208963.12.peg.2443"
"PA14_29930",4380674,,
"PA14_29930",4380674,,"fig|208963.12.peg.2444"
"PA14_29940",4380673,,"fig|208963.12.peg.2445"
"PA14_29940",4380673,,
"PA14_29970",4380672,,"fig|208963.12.peg.2447"
"PA14_29970",4380672,,
"PA14_29980",4380671,,
"PA14_29980",4380671,,"fig|208963.12.peg.2448"
"PA14_29990",4380670,,"fig|208963.12.peg.2449"
"PA14_29990",4380670,,
"PA14_30010",4380669,,
"PA14_30010",4380669,,"fig|208963.12.peg.2450"
"PA14_30020",4380668,,
"PA14_30020",4380668,,"fig|208963.12.peg.2451"
"PA14_30050",4380665,,
"PA14_30050",4380665,,"fig|208963.12.peg.2454"
"PA14_30110",4380660,,"fig|208963.12.peg.2459"
"PA14_30110",4380660,,
"PA14_30180",4380655,,"fig|208963.12.peg.2464"
"PA14_30180",4380655,,
"PA14_30190",4380654,,
"PA14_30190",4380654,,"fig|208963.12.peg.2465"
"PA14_30280",4380647,,
"PA14_30280",4380647,,"fig|208963.12.peg.2472"
"PA14_30340",4385934,,
"PA14_30340",4385934,,"fig|208963.12.peg.2478"
"PA14_30630",4380618,,
"PA14_30630",4380618,,"fig|208963.12.peg.2502"
"PA14_30670",4380615,,
"PA14_30670",4380615,,"fig|208963.12.peg.2506"
"PA14_30750",4380609,,"fig|208963.12.peg.2512"
"PA14_30750",4380609,,
"PA14_31010",4385858,,
"PA14_31010",4385858,,"fig|208963.12.peg.2539"
"PA14_31030",4385857,,
"PA14_31030",4385857,,"fig|208963.12.peg.2540"
"PA14_31040",4385856,,
"PA14_31040",4385856,,"fig|208963.12.peg.2541"
"PA14_31470",4381461,,
"PA14_31470",4381461,,"fig|208963.12.peg.2578"
"PA14_31500",4381459,,
"PA14_31500",4381459,,"fig|208963.12.peg.2580"
"PA14_31540",4381456,,"fig|208963.12.peg.2583"
"PA14_31540",4381456,,
"PA14_31580",4381454,,"fig|208963.12.peg.2585"
"PA14_31580",4381454,,
"PA14_31700",4381445,,"fig|208963.12.peg.2595"
"PA14_31700",4381445,,
"PA14_31750",4383034,,"fig|208963.12.peg.2599"
"PA14_31750",4383034,,
"PA14_31760",4383033,,
"PA14_31760",4383033,,"fig|208963.12.peg.2600"
"PA14_31800",4383030,,
"PA14_31800",4383030,,"fig|208963.12.peg.2603"
"PA14_31820",4383028,,"fig|208963.12.peg.2605"
"PA14_31820",4383028,,
"PA14_31970",4383018,,
"PA14_31970",4383018,,"fig|208963.12.peg.2617"
"PA14_31990",4383017,,
"PA14_31990",4383017,,"fig|208963.12.peg.2618"
"PA14_32080",4380583,,"fig|208963.12.peg.2622"
"PA14_32080",4380583,,
"PA14_32100",4380582,,"fig|208963.12.peg.2623"
"PA14_32100",4380582,,
"PA14_32110",4380581,,
"PA14_32110",4380581,,"fig|208963.12.peg.2624"
"PA14_32220",4380574,,
"PA14_32220",4380574,,"fig|208963.12.peg.2633"
"PA14_32230",4380573,,
"PA14_32230",4380573,,"fig|208963.12.peg.2634"
"PA14_32240",4380572,,"fig|208963.12.peg.2635"
"PA14_32240",4380572,,
"PA14_32270",4380570,,
"PA14_32270",4380570,,"fig|208963.12.peg.2637"
"PA14_32650",4380557,,"fig|208963.12.peg.2670"
"PA14_32650",4380557,,
"PA14_32660",4380556,,"fig|208963.12.peg.2671"
"PA14_32660",4380556,,
"PA14_33000",4380533,,"fig|208963.12.peg.2696"
"PA14_33000",4380533,,
"PA14_33010",4380532,,"fig|208963.12.peg.2698"
"PA14_33010",4380532,,
"PA14_33030",4380531,,"fig|208963.12.peg.2699"
"PA14_33030",4380531,,
"PA14_33040",4380530,,
"PA14_33040",4380530,,"fig|208963.12.peg.2700"
"PA14_33280",4380511,,
"PA14_33280",4380511,,"fig|208963.12.peg.2720"
"PA14_33450",4380477,,"fig|208963.12.peg.2736"
"PA14_33450",4380477,,
"PA14_33500",4380474,,"fig|208963.12.peg.2739"
"PA14_33500",4380474,,
"PA14_33540",4380470,,
"PA14_33540",4380470,,"fig|208963.12.peg.2743"
"PA14_33550",4380469,,"fig|208963.12.peg.2744"
"PA14_33550",4380469,,
"PA14_33560",4380468,,"fig|208963.12.peg.2745"
"PA14_33560",4380468,,
"PA14_33610",4380463,,"fig|208963.12.peg.2750"
"PA14_33610",4380463,,
"PA14_33630",4380462,,"fig|208963.12.peg.2751"
"PA14_33630",4380462,,
"PA14_33650",4380461,,
"PA14_33650",4380461,,"fig|208963.12.peg.2752"
"PA14_33690",4380459,,
"PA14_33690",4380459,,"fig|208963.12.peg.2754"
"PA14_33700",4380458,,"fig|208963.12.peg.2755"
"PA14_33700",4380458,,
"PA14_33810",4380448,,"fig|208963.12.peg.2766"
"PA14_33810",4380448,,
"PA14_33820",4380447,,
"PA14_33820",4380447,,"fig|208963.12.peg.2767"
"PA14_33860",4380444,,"fig|208963.12.peg.2770"
"PA14_33860",4380444,,
"PA14_34050",4385125,,"fig|208963.12.peg.2788"
"PA14_34050",4385125,,
"PA14_34250",4385111,,
"PA14_34250",4385111,,"fig|208963.12.peg.2804"
"PA14_34260",4385110,,
"PA14_34260",4385110,,"fig|208963.12.peg.2805"
"PA14_34270",4385109,,
"PA14_34270",4385109,,"fig|208963.12.peg.2806"
"PA14_34280",4385108,,"fig|208963.12.peg.2807"
"PA14_34280",4385108,,
"PA14_34340",4380405,,
"PA14_34340",4380405,,"fig|208963.12.peg.2813"
"PA14_34350",4380404,,"fig|208963.12.peg.2814"
"PA14_34350",4380404,,
"PA14_34360",4380403,,
"PA14_34360",4380403,,"fig|208963.12.peg.2815"
"PA14_34370",4380402,,"fig|208963.12.peg.2816"
"PA14_34370",4380402,,
"PA14_34390",4380401,,
"PA14_34390",4380401,,"fig|208963.12.peg.2817"
"PA14_34410",4380400,,"fig|208963.12.peg.2818"
"PA14_34410",4380400,,
"PA14_34420",4380399,,"fig|208963.12.peg.2819"
"PA14_34420",4380399,,
"PA14_34600",4384368,,
"PA14_34600",4384368,,"fig|208963.12.peg.2830"
"PA14_34630",4384366,,
"PA14_34630",4384366,,"fig|208963.12.peg.2832"
"PA14_34640",4384365,,
"PA14_34640",4384365,,"fig|208963.12.peg.2833"
"PA14_34770",4384354,,
"PA14_34770",4384354,,"fig|208963.12.peg.2844"
"PA14_34780",4384353,,
"PA14_34780",4384353,,"fig|208963.12.peg.2845"
"PA14_34790",4384352,,
"PA14_34790",4384352,,"fig|208963.12.peg.2846"
"PA14_34970",4385329,,"fig|208963.12.peg.2862"
"PA14_34970",4385329,,
"PA14_35270",4380373,,"fig|208963.12.peg.2887"
"PA14_35270",4380373,,
"PA14_35290",4380372,,
"PA14_35290",4380372,,"fig|208963.12.peg.2888"
"PA14_35300",4380371,,"fig|208963.12.peg.2889"
"PA14_35300",4380371,,
"PA14_35320",4380370,,"fig|208963.12.peg.2890"
"PA14_35320",4380370,,
"PA14_35330",4384427,,
"PA14_35330",4384427,,"fig|208963.12.peg.2891"
"PA14_35340",4384426,,"fig|208963.12.peg.2892"
"PA14_35340",4384426,,
"PA14_35440",4384418,,
"PA14_35440",4384418,,"fig|208963.12.peg.2900"
"PA14_35460",4384417,,"fig|208963.12.peg.2901"
"PA14_35460",4384417,,
"PA14_35490",4384415,,"fig|208963.12.peg.2903"
"PA14_35490",4384415,,
"PA14_35530",4384412,,
"PA14_35530",4384412,,"fig|208963.12.peg.2906"
"PA14_35890",4381396,,"fig|208963.12.peg.2929"
"PA14_35890",4381396,,
"PA14_35920",4381394,,
"PA14_35920",4381394,,"fig|208963.12.peg.2931"
"PA14_35940",4381392,,"fig|208963.12.peg.2932"
"PA14_35940",4381392,,
"PA14_36080",4380345,,"fig|208963.12.peg.2944"
"PA14_36080",4380345,,
"PA14_36120",4380341,,
"PA14_36120",4380341,,"fig|208963.12.peg.2948"
"PA14_36200",4380335,,"fig|208963.12.peg.2954"
"PA14_36200",4380335,,
"PA14_36220",4380334,,
"PA14_36220",4380334,,"fig|208963.12.peg.2955"
"PA14_36230",4380333,,"fig|208963.12.peg.2956"
"PA14_36230",4380333,,
"PA14_36270",4380330,,"fig|208963.12.peg.2959"
"PA14_36270",4380330,,
"PA14_36310",4384796,,"fig|208963.12.peg.2963"
"PA14_36310",4384796,,
"PA14_36320",4384795,,"fig|208963.12.peg.2964"
"PA14_36320",4384795,,
"PA14_36330",4384794,,
"PA14_36330",4384794,,"fig|208963.12.peg.2965"
"PA14_36345",4384258,,"fig|208963.12.peg.2966"
"PA14_36345",4384258,,
"PA14_36570",4382234,,"fig|208963.12.peg.2988"
"PA14_36570",4382234,,
"PA14_36660",4382228,,
"PA14_36660",4382228,,"fig|208963.12.peg.2996"
"PA14_36690",4382225,,"fig|208963.12.peg.2999"
"PA14_36690",4382225,,
"PA14_36730",4382222,,"fig|208963.12.peg.3002"
"PA14_36730",4382222,,
"PA14_36810",4385778,,"fig|208963.12.peg.3008"
"PA14_36810",4385778,,
"PA14_36840",4385775,,"fig|208963.12.peg.3011"
"PA14_36840",4385775,,
"PA14_36960",4385764,,"fig|208963.12.peg.3022"
"PA14_36960",4385764,,
"PA14_37090",4385568,,
"PA14_37090",4385568,,"fig|208963.12.peg.3033"
"PA14_37100",4385567,,"fig|208963.12.peg.3034"
"PA14_37100",4385567,,
"PA14_37560",4380326,,"fig|208963.12.peg.3072"
"PA14_37560",4380326,,
"PA14_37590",4380323,,
"PA14_37590",4380323,,"fig|208963.12.peg.3075"
"PA14_37610",4380322,,
"PA14_37610",4380322,,"fig|208963.12.peg.3076"
"PA14_37950",4382344,,
"PA14_37950",4382344,,"fig|208963.12.peg.3106"
"PA14_37965",4384188,,
"PA14_37965",4384188,,"fig|208963.12.peg.3107"
"PA14_38110",4385875,,
"PA14_38110",4385875,,"fig|208963.12.peg.3120"
"PA14_38130",4385874,,
"PA14_38130",4385874,,"fig|208963.12.peg.3122"
"PA14_38140",4385873,,
"PA14_38140",4385873,,"fig|208963.12.peg.3123"
"PA14_38250",4385865,,"fig|208963.12.peg.3130"
"PA14_38250",4385865,,
"PA14_38320",4385859,,
"PA14_38320",4385859,,"fig|208963.12.peg.3137"
"PA14_38330",4380309,,
"PA14_38330",4380309,,"fig|208963.12.peg.3138"
"PA14_38350",4380307,,
"PA14_38350",4380307,,"fig|208963.12.peg.3140"
"PA14_38360",4380306,,
"PA14_38360",4380306,,"fig|208963.12.peg.3141"
"PA14_38440",4380300,,"fig|208963.12.peg.3149"
"PA14_38440",4380300,,
"PA14_38460",4380299,,"fig|208963.12.peg.3150"
"PA14_38460",4380299,,
"PA14_38470",4380298,,
"PA14_38470",4380298,,"fig|208963.12.peg.3151"
"PA14_38480",4380297,,
"PA14_38480",4380297,,"fig|208963.12.peg.3152"
"PA14_38490",4380296,,"fig|208963.12.peg.3153"
"PA14_38490",4380296,,
"PA14_38510",4380294,,
"PA14_38510",4380294,,"fig|208963.12.peg.3155"
"PA14_38530",4380293,,
"PA14_38530",4380293,,"fig|208963.12.peg.3156"
"PA14_38550",4380292,,"fig|208963.12.peg.3157"
"PA14_38550",4380292,,
"PA14_38580",4380289,,"fig|208963.12.peg.3160"
"PA14_38580",4380289,,
"PA14_38590",4380288,,"fig|208963.12.peg.3161"
"PA14_38590",4380288,,
"PA14_38610",4380287,,
"PA14_38610",4380287,,"fig|208963.12.peg.3162"
"PA14_38630",4380286,,
"PA14_38630",4380286,,"fig|208963.12.peg.3163"
"PA14_38640",4380285,,
"PA14_38640",4380285,,"fig|208963.12.peg.3164"
"PA14_38660",4380284,,
"PA14_38660",4380284,,"fig|208963.12.peg.3165"
"PA14_38690",4380282,,
"PA14_38690",4380282,,"fig|208963.12.peg.3167"
"PA14_38840",4382782,,"fig|208963.12.peg.3180"
"PA14_38840",4382782,,
"PA14_38850",4382781,,"fig|208963.12.peg.3181"
"PA14_38850",4382781,,
"PA14_38860",4382780,,
"PA14_38860",4382780,,"fig|208963.12.peg.3182"
"PA14_39050",4382768,,
"PA14_39050",4382768,,"fig|208963.12.peg.3194"
"PA14_39190",4385657,,
"PA14_39190",4385657,,"fig|208963.12.peg.3206"
"PA14_39280",4385648,,"fig|208963.12.peg.3215"
"PA14_39280",4385648,,
"PA14_39320",4385646,,
"PA14_39320",4385646,,"fig|208963.12.peg.3217"
"PA14_39330",4385645,,
"PA14_39330",4385645,,"fig|208963.12.peg.3218"
"PA14_39350",4385145,,
"PA14_39350",4385145,,"fig|208963.12.peg.3219"
"PA14_39590",4385129,,"fig|208963.12.peg.3236"
"PA14_39590",4385129,,
"PA14_39640",4380249,,
"PA14_39640",4380249,,"fig|208963.12.peg.3240"
"PA14_39690",4380245,,
"PA14_39690",4380245,,"fig|208963.12.peg.3243"
"PA14_39720",4380242,,
"PA14_39720",4380242,,"fig|208963.12.peg.3246"
"PA14_39750",4380240,,"fig|208963.12.peg.3248"
"PA14_39750",4380240,,
"PA14_39880",4385623,,"fig|208963.12.peg.3261"
"PA14_39880",4385623,,
"PA14_39890",4385622,,
"PA14_39890",4385622,,"fig|208963.12.peg.3262"
"PA14_39910",4385621,,
"PA14_39910",4385621,,"fig|208963.12.peg.3263"
"PA14_39925",4384044,,"fig|208963.12.peg.3264"
"PA14_39925",4384044,,
"PA14_39945",4384043,,"fig|208963.12.peg.3265"
"PA14_39945",4384043,,
"PA14_39960",4385620,,
"PA14_39960",4385620,,"fig|208963.12.peg.3266"
"PA14_39970",4385619,,"fig|208963.12.peg.3267"
"PA14_39970",4385619,,
"PA14_40390",4385894,,"fig|208963.12.peg.3306"
"PA14_40390",4385894,,
"PA14_40410",4385893,,"fig|208963.12.peg.3307"
"PA14_40410",4385893,,
"PA14_40420",4385892,,
"PA14_40420",4385892,,"fig|208963.12.peg.3308"
"PA14_40470",4385888,,"fig|208963.12.peg.3312"
"PA14_40470",4385888,,
"PA14_40670",4380265,,"fig|208963.12.peg.3329"
"PA14_40670",4380265,,
"PA14_40770",4380258,,"fig|208963.12.peg.3337"
"PA14_40770",4380258,,
"PA14_40890",4381050,,"fig|208963.12.peg.3347"
"PA14_40890",4381050,,
"PA14_41010",4381041,,
"PA14_41010",4381041,,"fig|208963.12.peg.3356"
"PA14_41020",4381040,,"fig|208963.12.peg.3357"
"PA14_41020",4381040,,
"PA14_41130",4383092,,"fig|208963.12.peg.3365"
"PA14_41130",4383092,,
"PA14_41140",4383091,,
"PA14_41140",4383091,,"fig|208963.12.peg.3366"
"PA14_41150",4383090,,
"PA14_41150",4383090,,"fig|208963.12.peg.3367"
"PA14_41160",4383089,,"fig|208963.12.peg.3368"
"PA14_41160",4383089,,
"PA14_41170",4383088,,
"PA14_41170",4383088,,"fig|208963.12.peg.3369"
"PA14_41350",4383076,,
"PA14_41350",4383076,,"fig|208963.12.peg.3383"
"PA14_41400",4382897,,
"PA14_41400",4382897,,"fig|208963.12.peg.3387"
"PA14_41470",4382892,,
"PA14_41470",4382892,,"fig|208963.12.peg.3393"
"PA14_41510",4382888,,"fig|208963.12.peg.3398"
"PA14_41510",4382888,,
"PA14_41530",4382886,,"fig|208963.12.peg.3400"
"PA14_41530",4382886,,
"PA14_41540",4382885,,
"PA14_41540",4382885,,"fig|208963.12.peg.3401"
"PA14_41563",4384181,,
"PA14_41563",4384181,,"fig|208963.12.peg.3403"
"PA14_41640",4382976,,
"PA14_41640",4382976,,"fig|208963.12.peg.3409"
"PA14_41670",4382974,,"fig|208963.12.peg.3411"
"PA14_41670",4382974,,
"PA14_41820",4382962,,
"PA14_41820",4382962,,"fig|208963.12.peg.3425"
"PA14_41830",4382961,,"fig|208963.12.peg.3426"
"PA14_41830",4382961,,
"PA14_41840",4382960,,"fig|208963.12.peg.3427"
"PA14_41840",4382960,,
"PA14_41920",4381830,,"fig|208963.12.peg.3433"
"PA14_41920",4381830,,
"PA14_41950",4381828,,"fig|208963.12.peg.3435"
"PA14_41950",4381828,,
"PA14_42080",4381817,,
"PA14_42080",4381817,,"fig|208963.12.peg.3446"
"PA14_42090",4381816,,
"PA14_42090",4381816,,"fig|208963.12.peg.3447"
"PA14_42230",4380362,,"fig|208963.12.peg.3458"
"PA14_42230",4380362,,
"PA14_42690",4381416,,
"PA14_42690",4381416,,"fig|208963.12.peg.3497"
"PA14_42720",4381413,,
"PA14_42720",4381413,,"fig|208963.12.peg.3500"
"PA14_42730",4381412,,"fig|208963.12.peg.3501"
"PA14_42730",4381412,,
"PA14_42740",4381411,,
"PA14_42740",4381411,,"fig|208963.12.peg.3502"
"PA14_42760",4381409,,
"PA14_42760",4381409,,"fig|208963.12.peg.3504"
"PA14_42850",4382936,,"fig|208963.12.peg.3511"
"PA14_42850",4382936,,
"PA14_43110",4381808,,
"PA14_43110",4381808,,"fig|208963.12.peg.3534"
"PA14_43180",4381802,,
"PA14_43180",4381802,,"fig|208963.12.peg.3540"
"PA14_43280",4381794,,
"PA14_43280",4381794,,"fig|208963.12.peg.3548"
"PA14_43320",4381654,,
"PA14_43320",4381654,,"fig|208963.12.peg.3552"
"PA14_43370",4381651,,
"PA14_43370",4381651,,"fig|208963.12.peg.3555"
"PA14_43380",4381650,,
"PA14_43380",4381650,,"fig|208963.12.peg.3556"
"PA14_43400",4381649,,"fig|208963.12.peg.3557"
"PA14_43400",4381649,,
"PA14_43440",4381646,,
"PA14_43440",4381646,,"fig|208963.12.peg.3561"
"PA14_43460",4381645,,"fig|208963.12.peg.3562"
"PA14_43460",4381645,,
"PA14_43610",4381770,,
"PA14_43610",4381770,,"fig|208963.12.peg.3573"
"PA14_43620",4381769,,"fig|208963.12.peg.3574"
"PA14_43620",4381769,,
"PA14_43640",4381767,,
"PA14_43640",4381767,,"fig|208963.12.peg.3576"
"PA14_43680",4381763,,
"PA14_43680",4381763,,"fig|208963.12.peg.3580"
"PA14_43690",4381762,,"fig|208963.12.peg.3581"
"PA14_43690",4381762,,
"PA14_43920",4385827,,
"PA14_43920",4385827,,"fig|208963.12.peg.3601"
"PA14_43940",4385826,,
"PA14_43940",4385826,,"fig|208963.12.peg.3602"
"PA14_43950",4385825,,
"PA14_43950",4385825,,"fig|208963.12.peg.3603"
"PA14_43970",4385824,,
"PA14_43970",4385824,,"fig|208963.12.peg.3604"
"PA14_44000",4385823,,
"PA14_44000",4385823,,"fig|208963.12.peg.3605"
"PA14_44010",4385822,,"fig|208963.12.peg.3606"
"PA14_44010",4385822,,
"PA14_44020",4385821,,
"PA14_44020",4385821,,"fig|208963.12.peg.3607"
"PA14_44030",4385820,,"fig|208963.12.peg.3608"
"PA14_44030",4385820,,
"PA14_44050",4382802,,"fig|208963.12.peg.3609"
"PA14_44050",4382802,,
"PA14_44060",4382801,,
"PA14_44060",4382801,,"fig|208963.12.peg.3610"
"PA14_44070",4382800,,"fig|208963.12.peg.3611"
"PA14_44070",4382800,,
"PA14_44210",4382786,,"fig|208963.12.peg.3626"
"PA14_44210",4382786,,
"PA14_44260",4382783,,
"PA14_44260",4382783,,"fig|208963.12.peg.3629"
"PA14_44290",4383052,,
"PA14_44290",4383052,,"fig|208963.12.peg.3632"
"PA14_44470",4383037,,
"PA14_44470",4383037,,"fig|208963.12.peg.3651"
"PA14_44500",4382917,,"fig|208963.12.peg.3654"
"PA14_44500",4382917,,
"PA14_44710",4384721,,
"PA14_44710",4384721,,"fig|208963.12.peg.3673"
"PA14_44740",4384720,,"fig|208963.12.peg.3674"
"PA14_44740",4384720,,
"PA14_44760",4384719,,"fig|208963.12.peg.3675"
"PA14_44760",4384719,,
"PA14_44770",4384718,,
"PA14_44770",4384718,,"fig|208963.12.peg.3676"
"PA14_44800",4384716,,
"PA14_44800",4384716,,"fig|208963.12.peg.3679"
"PA14_44850",4384712,,"fig|208963.12.peg.3683"
"PA14_44850",4384712,,
"PA14_44860",4384711,,
"PA14_44860",4384711,,"fig|208963.12.peg.3684"
"PA14_44950",4384704,,
"PA14_44950",4384704,,"fig|208963.12.peg.3691"
"PA14_44970",4383171,,
"PA14_44970",4383171,,"fig|208963.12.peg.3693"
"PA14_45000",4383168,,"fig|208963.12.peg.3696"
"PA14_45000",4383168,,
"PA14_45050",4383164,,
"PA14_45050",4383164,,"fig|208963.12.peg.3700"
"PA14_45060",4383163,,
"PA14_45060",4383163,,"fig|208963.12.peg.3701"
"PA14_45170",4383155,,"fig|208963.12.peg.3709"
"PA14_45170",4383155,,
"PA14_45190",4383153,,
"PA14_45190",4383153,,"fig|208963.12.peg.3711"
"PA14_45240",4382841,,
"PA14_45240",4382841,,"fig|208963.12.peg.3713"
"PA14_45430",4382827,,"fig|208963.12.peg.3728"
"PA14_45430",4382827,,
"PA14_45940",4382866,,
"PA14_45940",4382866,,"fig|208963.12.peg.3768"
"PA14_45970",4382863,,"fig|208963.12.peg.3771"
"PA14_45970",4382863,,
"PA14_46070",4382313,,"fig|208963.12.peg.3779"
"PA14_46070",4382313,,
"PA14_46100",4382311,,"fig|208963.12.peg.3781"
"PA14_46100",4382311,,
"PA14_46240",4382300,,
"PA14_46240",4382300,,"fig|208963.12.peg.3793"
"PA14_46320",4382331,,"fig|208963.12.peg.3801"
"PA14_46320",4382331,,
"PA14_46470",4382318,,
"PA14_46470",4382318,,"fig|208963.12.peg.3813"
"PA14_46490",4382296,,"fig|208963.12.peg.3815"
"PA14_46490",4382296,,
"PA14_46910",4383055,,"fig|208963.12.peg.3854"
"PA14_46910",4383055,,
"PA14_46920",4384526,,"fig|208963.12.peg.3855"
"PA14_46920",4384526,,
"PA14_46930",4384525,,"fig|208963.12.peg.3856"
"PA14_46930",4384525,,
"PA14_46950",4384524,,
"PA14_46950",4384524,,"fig|208963.12.peg.3857"
"PA14_46970",4384522,,
"PA14_46970",4384522,,"fig|208963.12.peg.3859"
"PA14_47100",4384511,,
"PA14_47100",4384511,,"fig|208963.12.peg.3872"
"PA14_47150",4381793,,
"PA14_47150",4381793,,"fig|208963.12.peg.3877"
"PA14_47160",4381792,,"fig|208963.12.peg.3878"
"PA14_47160",4381792,,
"PA14_47180",4381791,,"fig|208963.12.peg.3879"
"PA14_47180",4381791,,
"PA14_47190",4381790,,"fig|208963.12.peg.3880"
"PA14_47190",4381790,,
"PA14_47210",4381789,,
"PA14_47210",4381789,,"fig|208963.12.peg.3881"
"PA14_47280",4381783,,
"PA14_47280",4381783,,"fig|208963.12.peg.3888"
"PA14_47300",4381782,,
"PA14_47300",4381782,,"fig|208963.12.peg.3889"
"PA14_47430",4384164,,
"PA14_47430",4384164,,"fig|208963.12.peg.3902"
"PA14_47490",4384160,,
"PA14_47490",4384160,,"fig|208963.12.peg.3907"
"PA14_47540",4384155,,"fig|208963.12.peg.3912"
"PA14_47540",4384155,,
"PA14_47670",4384699,,
"PA14_47670",4384699,,"fig|208963.12.peg.3921"
"PA14_47690",4384697,,"fig|208963.12.peg.3923"
"PA14_47690",4384697,,
"PA14_47720",4384696,,"fig|208963.12.peg.3924"
"PA14_47720",4384696,,
"PA14_47730",4384695,,"fig|208963.12.peg.3925"
"PA14_47730",4384695,,
"PA14_47760",4384693,,
"PA14_47760",4384693,,"fig|208963.12.peg.3927"
"PA14_47790",4384692,,"fig|208963.12.peg.3928"
"PA14_47790",4384692,,
"PA14_47850",4384687,,"fig|208963.12.peg.3933"
"PA14_47850",4384687,,
"PA14_48020",4385545,,"fig|208963.12.peg.3949"
"PA14_48020",4385545,,
"PA14_48470",4380170,,"fig|208963.12.peg.3981"
"PA14_48470",4380170,,
"PA14_48570",4380161,,
"PA14_48570",4380161,,"fig|208963.12.peg.3991"
"PA14_48600",4380159,,"fig|208963.12.peg.3993"
"PA14_48600",4380159,,
"PA14_49130",4380131,,"fig|208963.12.peg.4034"
"PA14_49130",4380131,,
"PA14_49250",4380122,,"fig|208963.12.peg.4044"
"PA14_49250",4380122,,
"PA14_49340",4381695,,"fig|208963.12.peg.4054"
"PA14_49340",4381695,,
"PA14_49380",4381692,,"fig|208963.12.peg.4057"
"PA14_49380",4381692,,
"PA14_49460",4381686,,
"PA14_49460",4381686,,"fig|208963.12.peg.4064"
"PA14_49470",4381685,,"fig|208963.12.peg.4065"
"PA14_49470",4381685,,
"PA14_49760",4380098,,"fig|208963.12.peg.4090"
"PA14_49760",4380098,,
"PA14_49840",4380092,,"fig|208963.12.peg.4096"
"PA14_49840",4380092,,
"PA14_49870",4380089,,"fig|208963.12.peg.4100"
"PA14_49870",4380089,,
"PA14_50520",4380039,,"fig|208963.12.peg.4152"
"PA14_50520",4380039,,
"PA14_50530",4380038,,
"PA14_50530",4380038,,"fig|208963.12.peg.4153"
"PA14_50540",4380037,,
"PA14_50540",4380037,,"fig|208963.12.peg.4154"
"PA14_50550",4384780,,
"PA14_50550",4384780,,"fig|208963.12.peg.4155"
"PA14_50560",4384779,,
"PA14_50560",4384779,,"fig|208963.12.peg.4156"
"PA14_50760",4385954,,"fig|208963.12.peg.4175"
"PA14_50760",4385954,,
"PA14_50800",4385951,,"fig|208963.12.peg.4178"
"PA14_50800",4385951,,
"PA14_51040",4380638,,"fig|208963.12.peg.4199"
"PA14_51040",4380638,,
"PA14_51050",4380637,,"fig|208963.12.peg.4200"
"PA14_51050",4380637,,
"PA14_51080",4380634,,
"PA14_51080",4380634,,"fig|208963.12.peg.4204"
"PA14_51150",4380629,,"fig|208963.12.peg.4210"
"PA14_51150",4380629,,
"PA14_51240",4379997,,
"PA14_51240",4379997,,"fig|208963.12.peg.4217"
"PA14_51270",4379994,,"fig|208963.12.peg.4220"
"PA14_51270",4379994,,
"PA14_51330",4379988,,
"PA14_51330",4379988,,"fig|208963.12.peg.4226"
"PA14_51350",4379986,,
"PA14_51350",4379986,,"fig|208963.12.peg.4228"
"PA14_51360",4379985,,
"PA14_51360",4379985,,"fig|208963.12.peg.4229"
"PA14_51390",4379983,,
"PA14_51390",4379983,,"fig|208963.12.peg.4231"
"PA14_51410",4379982,,
"PA14_51410",4379982,,"fig|208963.12.peg.4232"
"PA14_51420",4379981,,
"PA14_51420",4379981,,"fig|208963.12.peg.4233"
"PA14_51430",4379980,,
"PA14_51430",4379980,,"fig|208963.12.peg.4234"
"PA14_51980",4380027,,"fig|208963.12.peg.4277"
"PA14_51980",4380027,,
"PA14_52040",4380022,,
"PA14_52040",4380022,,"fig|208963.12.peg.4283"
"PA14_52050",4380021,,
"PA14_52050",4380021,,"fig|208963.12.peg.4284"
"PA14_52150",4383108,,"fig|208963.12.peg.4293"
"PA14_52150",4383108,,
"PA14_52180",4383106,,"fig|208963.12.peg.4295"
"PA14_52180",4383106,,
"PA14_52210",4383104,,
"PA14_52210",4383104,,"fig|208963.12.peg.4297"
"PA14_52270",4383099,,
"PA14_52270",4383099,,"fig|208963.12.peg.4302"
"PA14_52460",4383143,,"fig|208963.12.peg.4317"
"PA14_52460",4383143,,
"PA14_52580",4383135,,"fig|208963.12.peg.4326"
"PA14_52580",4383135,,
"PA14_52610",4383133,,"fig|208963.12.peg.4328"
"PA14_52610",4383133,,
"PA14_52630",4385605,,
"PA14_52630",4385605,,"fig|208963.12.peg.4329"
"PA14_52660",4385603,,"fig|208963.12.peg.4331"
"PA14_52660",4385603,,
"PA14_52670",4385602,,
"PA14_52670",4385602,,"fig|208963.12.peg.4332"
"PA14_52690",4385601,,
"PA14_52690",4385601,,"fig|208963.12.peg.4333"
"PA14_52700",4385600,,"fig|208963.12.peg.4334"
"PA14_52700",4385600,,
"PA14_52720",4385599,,"fig|208963.12.peg.4335"
"PA14_52720",4385599,,
"PA14_52750",4385596,,
"PA14_52750",4385596,,"fig|208963.12.peg.4338"
"PA14_52770",4385594,,"fig|208963.12.peg.4340"
"PA14_52770",4385594,,
"PA14_52780",4385593,,"fig|208963.12.peg.4341"
"PA14_52780",4385593,,
"PA14_52790",4385592,,
"PA14_52790",4385592,,"fig|208963.12.peg.4342"
"PA14_52800",4385591,,
"PA14_52800",4385591,,"fig|208963.12.peg.4343"
"PA14_52810",4385590,,"fig|208963.12.peg.4344"
"PA14_52810",4385590,,
"PA14_52820",4385589,,"fig|208963.12.peg.4345"
"PA14_52820",4385589,,
"PA14_52840",4385588,,
"PA14_52840",4385588,,"fig|208963.12.peg.4346"
"PA14_52850",4385587,,
"PA14_52850",4385587,,"fig|208963.12.peg.4347"
"PA14_52870",4385586,,"fig|208963.12.peg.4348"
"PA14_52870",4385586,,
"PA14_52900",4382858,,"fig|208963.12.peg.4351"
"PA14_52900",4382858,,
"PA14_52910",4382857,,"fig|208963.12.peg.4352"
"PA14_52910",4382857,,
"PA14_52990",4382851,,
"PA14_52990",4382851,,"fig|208963.12.peg.4360"
"PA14_53000",4382850,,"fig|208963.12.peg.4361"
"PA14_53000",4382850,,
"PA14_53010",4382849,,
"PA14_53010",4382849,,"fig|208963.12.peg.4362"
"PA14_53050",4382845,,"fig|208963.12.peg.4366"
"PA14_53050",4382845,,
"PA14_53070",4382844,,
"PA14_53070",4382844,,"fig|208963.12.peg.4367"
"PA14_53220",4385312,,"fig|208963.12.peg.4380"
"PA14_53220",4385312,,
"PA14_53290",4385307,,
"PA14_53290",4385307,,"fig|208963.12.peg.4385"
"PA14_53360",4385302,,
"PA14_53360",4385302,,"fig|208963.12.peg.4390"
"PA14_53470",4384963,,
"PA14_53470",4384963,,"fig|208963.12.peg.4399"
"PA14_53480",4384962,,
"PA14_53480",4384962,,"fig|208963.12.peg.4400"
"PA14_53800",4381676,,"fig|208963.12.peg.4422"
"PA14_53800",4381676,,
"PA14_53940",4381663,,"fig|208963.12.peg.4435"
"PA14_53940",4381663,,
"PA14_53950",4381662,,
"PA14_53950",4381662,,"fig|208963.12.peg.4436"
"PA14_53970",4381661,,
"PA14_53970",4381661,,"fig|208963.12.peg.4437"
"PA14_54040",4384740,,"fig|208963.12.peg.4442"
"PA14_54040",4384740,,
"PA14_54150",4384732,,"fig|208963.12.peg.4450"
"PA14_54150",4384732,,
"PA14_54170",4384731,,"fig|208963.12.peg.4451"
"PA14_54170",4384731,,
"PA14_54450",4385212,,
"PA14_54450",4385212,,"fig|208963.12.peg.4472"
"PA14_54520",4385205,,
"PA14_54520",4385205,,"fig|208963.12.peg.4479"
"PA14_54620",4385294,,"fig|208963.12.peg.4487"
"PA14_54620",4385294,,
"PA14_54640",4385292,,
"PA14_54640",4385292,,"fig|208963.12.peg.4489"
"PA14_54660",4385291,,"fig|208963.12.peg.4490"
"PA14_54660",4385291,,
"PA14_54670",4385290,,
"PA14_54670",4385290,,"fig|208963.12.peg.4491"
"PA14_54880",4380495,,
"PA14_54880",4380495,,"fig|208963.12.peg.4510"
"PA14_54910",4380492,,
"PA14_54910",4380492,,"fig|208963.12.peg.4512"
"PA14_54930",4380490,,
"PA14_54930",4380490,,"fig|208963.12.peg.4514"
"PA14_54940",4380489,,"fig|208963.12.peg.4515"
"PA14_54940",4380489,,
"PA14_55130",4384884,,"fig|208963.12.peg.4531"
"PA14_55130",4384884,,
"PA14_55740",4384622,,
"PA14_55740",4384622,,"fig|208963.12.peg.4582"
"PA14_55770",4382571,,
"PA14_55770",4382571,,"fig|208963.12.peg.4585"
"PA14_56060",4382399,,"fig|208963.12.peg.4610"
"PA14_56060",4382399,,
"PA14_56240",4382414,,
"PA14_56240",4382414,,"fig|208963.12.peg.4625"
"PA14_56250",4382415,,"fig|208963.12.peg.4626"
"PA14_56250",4382415,,
"PA14_56300",4382418,,
"PA14_56300",4382418,,"fig|208963.12.peg.4629"
"PA14_56340",4382419,,
"PA14_56340",4382419,,"fig|208963.12.peg.4630"
"PA14_56570",4382455,,"fig|208963.12.peg.4647"
"PA14_56570",4382455,,
"PA14_56680",4382462,,"fig|208963.12.peg.4654"
"PA14_56680",4382462,,
"PA14_56780",4382470,,"fig|208963.12.peg.4663"
"PA14_56780",4382470,,
"PA14_56900",4382480,,
"PA14_56900",4382480,,"fig|208963.12.peg.4673"
"PA14_57160",4382502,,"fig|208963.12.peg.4695"
"PA14_57160",4382502,,
"PA14_57190",4382505,,
"PA14_57190",4382505,,"fig|208963.12.peg.4698"
"PA14_57210",4382507,,"fig|208963.12.peg.4700"
"PA14_57210",4382507,,
"PA14_57260",4382511,,
"PA14_57260",4382511,,"fig|208963.12.peg.4705"
"PA14_57320",4382514,,
"PA14_57320",4382514,,"fig|208963.12.peg.4709"
"PA14_57330",4382515,,"fig|208963.12.peg.4710"
"PA14_57330",4382515,,
"PA14_57340",4382516,,"fig|208963.12.peg.4711"
"PA14_57340",4382516,,
"PA14_57370",4382518,,
"PA14_57370",4382518,,"fig|208963.12.peg.4713"
"PA14_57380",4382519,,"fig|208963.12.peg.4714"
"PA14_57380",4382519,,
"PA14_57390",4382520,,"fig|208963.12.peg.4715"
"PA14_57390",4382520,,
"PA14_57410",4382521,,
"PA14_57410",4382521,,"fig|208963.12.peg.4716"
"PA14_57500",4382528,,
"PA14_57500",4382528,,"fig|208963.12.peg.4724"
"PA14_57540",4382551,,
"PA14_57540",4382551,,"fig|208963.12.peg.4728"
"PA14_57560",4382552,,
"PA14_57560",4382552,,"fig|208963.12.peg.4729"
"PA14_57570",4382553,,
"PA14_57570",4382553,,"fig|208963.12.peg.4730"
"PA14_57670",4382561,,
"PA14_57670",4382561,,"fig|208963.12.peg.4738"
"PA14_57710",4382564,,
"PA14_57710",4382564,,"fig|208963.12.peg.4741"
"PA14_57720",4382565,,"fig|208963.12.peg.4742"
"PA14_57720",4382565,,
"PA14_57770",4382569,,"fig|208963.12.peg.4746"
"PA14_57770",4382569,,
"PA14_57780",4382997,,"fig|208963.12.peg.4747"
"PA14_57780",4382997,,
"PA14_57800",4382998,,
"PA14_57800",4382998,,"fig|208963.12.peg.4749"
"PA14_57810",4382999,,"fig|208963.12.peg.4750"
"PA14_57810",4382999,,
"PA14_57890",4383006,,
"PA14_57890",4383006,,"fig|208963.12.peg.4757"
"PA14_57900",4383007,,"fig|208963.12.peg.4758"
"PA14_57900",4383007,,
"PA14_58000",4382590,,
"PA14_58000",4382590,,"fig|208963.12.peg.4768"
"PA14_58030",4382592,,
"PA14_58030",4382592,,"fig|208963.12.peg.4770"
"PA14_58220",4382608,,
"PA14_58220",4382608,,"fig|208963.12.peg.4787"
"PA14_58410",4382622,,
"PA14_58410",4382622,,"fig|208963.12.peg.4803"
"PA14_58420",4382623,,"fig|208963.12.peg.4804"
"PA14_58420",4382623,,
"PA14_58440",4382624,,
"PA14_58440",4382624,,"fig|208963.12.peg.4805"
"PA14_58450",4382625,,"fig|208963.12.peg.4806"
"PA14_58450",4382625,,
"PA14_58470",4382626,,
"PA14_58470",4382626,,"fig|208963.12.peg.4807"
"PA14_58490",4382627,,
"PA14_58490",4382627,,"fig|208963.12.peg.4808"
"PA14_58550",4382632,,"fig|208963.12.peg.4814"
"PA14_58550",4382632,,
"PA14_58630",4382639,,"fig|208963.12.peg.4821"
"PA14_58630",4382639,,
"PA14_58700",4382644,,"fig|208963.12.peg.4827"
"PA14_58700",4382644,,
"PA14_58780",4382651,,"fig|208963.12.peg.4831"
"PA14_58780",4382651,,
"PA14_58870",4382660,,"fig|208963.12.peg.4840"
"PA14_58870",4382660,,
"PA14_60120",4384536,,
"PA14_60210",4384541,,"fig|208963.12.peg.4937"
"PA14_60210",4384541,,
"PA14_60270",4384546,,"fig|208963.12.peg.4942"
"PA14_60270",4384546,,
"PA14_60330",4385729,,"fig|208963.12.peg.4949"
"PA14_60330",4385729,,
"PA14_60380",4385733,,
"PA14_60380",4385733,,"fig|208963.12.peg.4953"
"PA14_60420",4385737,,"fig|208963.12.peg.4957"
"PA14_60420",4385737,,
"PA14_60470",4385740,,
"PA14_60470",4385740,,"fig|208963.12.peg.4961"
"PA14_60700",4385719,,"fig|208963.12.peg.4980"
"PA14_60700",4385719,,
"PA14_60710",4385720,,"fig|208963.12.peg.4981"
"PA14_60710",4385720,,
"PA14_60730",4385721,,"fig|208963.12.peg.4982"
"PA14_60730",4385721,,
"PA14_60890",4384576,,
"PA14_60890",4384576,,"fig|208963.12.peg.4997"
"PA14_61040",4382979,,"fig|208963.12.peg.5008"
"PA14_61040",4382979,,
"PA14_61210",4382993,,
"PA14_61210",4382993,,"fig|208963.12.peg.5025"
"PA14_61250",4382995,,"fig|208963.12.peg.5027"
"PA14_61250",4382995,,
"PA14_61400",4381729,,
"PA14_61400",4381729,,"fig|208963.12.peg.5041"
"PA14_61460",4381734,,
"PA14_61460",4381734,,"fig|208963.12.peg.5046"
"PA14_61470",4381735,,"fig|208963.12.peg.5047"
"PA14_61470",4381735,,
"PA14_61480",4385625,,"fig|208963.12.peg.5048"
"PA14_61480",4385625,,
"PA14_61580",4385633,,
"PA14_61580",4385633,,"fig|208963.12.peg.5056"
"PA14_61660",4385640,,
"PA14_61660",4385640,,"fig|208963.12.peg.5063"
"PA14_61680",4385642,,"fig|208963.12.peg.5065"
"PA14_61680",4385642,,
"PA14_61710",4385644,,"fig|208963.12.peg.5067"
"PA14_61710",4385644,,
"PA14_61750",4385667,,"fig|208963.12.peg.5070"
"PA14_61750",4385667,,
"PA14_61770",4385668,,
"PA14_61770",4385668,,"fig|208963.12.peg.5071"
"PA14_62000",4384625,,"fig|208963.12.peg.5088"
"PA14_62000",4384625,,
"PA14_62010",4384626,,"fig|208963.12.peg.5089"
"PA14_62010",4384626,,
"PA14_62120",4384632,,"fig|208963.12.peg.5095"
"PA14_62120",4384632,,
"PA14_62130",4384633,,
"PA14_62130",4384633,,"fig|208963.12.peg.5096"
"PA14_62150",4384634,,"fig|208963.12.peg.5097"
"PA14_62150",4384634,,
"PA14_62160",4384635,,
"PA14_62160",4384635,,"fig|208963.12.peg.5098"
"PA14_62440",4385043,,
"PA14_62440",4385043,,"fig|208963.12.peg.5123"
"PA14_62480",4385046,,
"PA14_62480",4385046,,"fig|208963.12.peg.5126"
"PA14_62570",4383177,,
"PA14_62570",4383177,,"fig|208963.12.peg.5133"
"PA14_62580",4383178,,
"PA14_62580",4383178,,"fig|208963.12.peg.5134"
"PA14_62590",4383179,,
"PA14_62590",4383179,,"fig|208963.12.peg.5135"
"PA14_62600",4383180,,
"PA14_62600",4383180,,"fig|208963.12.peg.5136"
"PA14_62620",4383181,,"fig|208963.12.peg.5137"
"PA14_62620",4383181,,
"PA14_62630",4383182,,
"PA14_62630",4383182,,"fig|208963.12.peg.5138"
"PA14_62730",4383191,,"fig|208963.12.peg.5148"
"PA14_62730",4383191,,
"PA14_62830",4383197,,
"PA14_62830",4383197,,"fig|208963.12.peg.5154"
"PA14_62840",4383198,,"fig|208963.12.peg.5155"
"PA14_62840",4383198,,
"PA14_62850",4383199,,"fig|208963.12.peg.5156"
"PA14_62850",4383199,,
"PA14_62910",4383205,,"fig|208963.12.peg.5162"
"PA14_62910",4383205,,
"PA14_62930",4383207,,
"PA14_62930",4383207,,"fig|208963.12.peg.5164"
"PA14_62940",4383208,,
"PA14_62940",4383208,,"fig|208963.12.peg.5165"
"PA14_63080",4383219,,"fig|208963.12.peg.5177"
"PA14_63080",4383219,,
"PA14_63090",4383220,,"fig|208963.12.peg.5178"
"PA14_63090",4383220,,
"PA14_63570",4383279,,"fig|208963.12.peg.5219"
"PA14_63570",4383279,,
"PA14_63580",4383280,,
"PA14_63580",4383280,,"fig|208963.12.peg.5220"
"PA14_63605",4384191,,"fig|208963.12.peg.5221"
"PA14_63605",4384191,,
"PA14_63640",4383282,,"fig|208963.12.peg.5223"
"PA14_63640",4383282,,
"PA14_63800",4383294,,
"PA14_63800",4383294,,"fig|208963.12.peg.5235"
"PA14_63850",4383298,,"fig|208963.12.peg.5239"
"PA14_63850",4383298,,
"PA14_63990",4383308,,
"PA14_63990",4383308,,"fig|208963.12.peg.5249"
"PA14_64090",4383315,,
"PA14_64090",4383315,,"fig|208963.12.peg.5257"
"PA14_64100",4383316,,"fig|208963.12.peg.5258"
"PA14_64100",4383316,,
"PA14_64110",4383317,,
"PA14_64110",4383317,,"fig|208963.12.peg.5259"
"PA14_64200",4383323,,
"PA14_64200",4383323,,"fig|208963.12.peg.5266"
"PA14_64220",4383324,,"fig|208963.12.peg.5267"
"PA14_64220",4383324,,
"PA14_64280",4383329,,
"PA14_64280",4383329,,"fig|208963.12.peg.5272"
"PA14_64290",4383330,,"fig|208963.12.peg.5273"
"PA14_64290",4383330,,
"PA14_64300",4383331,,
"PA14_64300",4383331,,"fig|208963.12.peg.5274"
"PA14_64310",4383332,,"fig|208963.12.peg.5275"
"PA14_64310",4383332,,
"PA14_64350",4383334,,"fig|208963.12.peg.5278"
"PA14_64350",4383334,,
"PA14_64370",4383336,,
"PA14_64370",4383336,,"fig|208963.12.peg.5280"
"PA14_64390",4383337,,
"PA14_64390",4383337,,"fig|208963.12.peg.5281"
"PA14_64740",4384822,,"fig|208963.12.peg.5313"
"PA14_64740",4384822,,
"PA14_64770",4384824,,"fig|208963.12.peg.5315"
"PA14_64770",4384824,,
"PA14_64860",4384832,,"fig|208963.12.peg.5324"
"PA14_64860",4384832,,
"PA14_64870",4384833,,
"PA14_64870",4384833,,"fig|208963.12.peg.5325"
"PA14_64880",4384834,,
"PA14_64880",4384834,,"fig|208963.12.peg.5326"
"PA14_64890",4384835,,
"PA14_64890",4384835,,"fig|208963.12.peg.5327"
"PA14_64900",4384836,,
"PA14_64900",4384836,,"fig|208963.12.peg.5328"
"PA14_64960",4380842,,
"PA14_64960",4380842,,"fig|208963.12.peg.5335"
"PA14_64980",4380843,,"fig|208963.12.peg.5336"
"PA14_64980",4380843,,
"PA14_65040",4380848,,"fig|208963.12.peg.5341"
"PA14_65040",4380848,,
"PA14_65110",4380853,,
"PA14_65110",4380853,,"fig|208963.12.peg.5347"
"PA14_65230",4384841,,"fig|208963.12.peg.5355"
"PA14_65230",4384841,,
"PA14_65250",4384842,,"fig|208963.12.peg.5356"
"PA14_65250",4384842,,
"PA14_65370",4384850,,
"PA14_65370",4384850,,"fig|208963.12.peg.5364"
"PA14_65480",4384801,,
"PA14_65480",4384801,,"fig|208963.12.peg.5373"
"PA14_65500",4384802,,
"PA14_65500",4384802,,"fig|208963.12.peg.5374"
"PA14_65740",4384817,,"fig|208963.12.peg.5391"
"PA14_65740",4384817,,
"PA14_65760",4384819,,"fig|208963.12.peg.5394"
"PA14_65760",4384819,,
"PA14_65770",4382240,,
"PA14_65770",4382240,,"fig|208963.12.peg.5395"
"PA14_65840",4382243,,
"PA14_65840",4382243,,"fig|208963.12.peg.5399"
"PA14_65960",4382252,,"fig|208963.12.peg.5411"
"PA14_65960",4382252,,
"PA14_66060",4385498,,
"PA14_66060",4385498,,"fig|208963.12.peg.5419"
"PA14_66210",4385510,,"fig|208963.12.peg.5431"
"PA14_66210",4385510,,
"PA14_66220",4385511,,"fig|208963.12.peg.5432"
"PA14_66220",4385511,,
"PA14_66230",4385512,,
"PA14_66230",4385512,,"fig|208963.12.peg.5433"
"PA14_66240",4385513,,"fig|208963.12.peg.5434"
"PA14_66240",4385513,,
"PA14_66250",4385514,,"fig|208963.12.peg.5435"
"PA14_66250",4385514,,
"PA14_66260",4385515,,"fig|208963.12.peg.5436"
"PA14_66260",4385515,,
"PA14_66290",4385438,,"fig|208963.12.peg.5438"
"PA14_66290",4385438,,
"PA14_66310",4385439,,"fig|208963.12.peg.5440"
"PA14_66310",4385439,,
"PA14_66330",4385441,,
"PA14_66330",4385441,,"fig|208963.12.peg.5443"
"PA14_66350",4385443,,"fig|208963.12.peg.5445"
"PA14_66350",4385443,,
"PA14_66380",4385444,,"fig|208963.12.peg.5447"
"PA14_66380",4385444,,
"PA14_66440",4385448,,
"PA14_66440",4385448,,"fig|208963.12.peg.5451"
"PA14_66550",4385517,,
"PA14_66550",4385517,,"fig|208963.12.peg.5460"
"PA14_66560",4385518,,
"PA14_66560",4385518,,"fig|208963.12.peg.5461"
"PA14_66570",4385519,,
"PA14_66570",4385519,,"fig|208963.12.peg.5462"
"PA14_66600",4385521,,"fig|208963.12.peg.5464"
"PA14_66600",4385521,,
"PA14_66610",4385522,,"fig|208963.12.peg.5465"
"PA14_66610",4385522,,
"PA14_66680",4385529,,"fig|208963.12.peg.5472"
"PA14_66680",4385529,,
"PA14_66750",4385534,,"fig|208963.12.peg.5478"
"PA14_66750",4385534,,
"PA14_66820",4383369,,
"PA14_66820",4383369,,"fig|208963.12.peg.5484"
"PA14_66840",4383371,,
"PA14_66840",4383371,,"fig|208963.12.peg.5486"
"PA14_66900",4383375,,
"PA14_66900",4383375,,"fig|208963.12.peg.5491"
"PA14_66920",4383377,,"fig|208963.12.peg.5493"
"PA14_66920",4383377,,
"PA14_66940",4383378,,"fig|208963.12.peg.5494"
"PA14_66940",4383378,,
"PA14_66950",4383379,,
"PA14_66950",4383379,,"fig|208963.12.peg.5495"
"PA14_67030",4383386,,"fig|208963.12.peg.5503"
"PA14_67030",4383386,,
"PA14_67040",4383387,,"fig|208963.12.peg.5504"
"PA14_67040",4383387,,
"PA14_67050",4383388,,
"PA14_67050",4383388,,"fig|208963.12.peg.5505"
"PA14_67240",4383403,,
"PA14_67240",4383403,,"fig|208963.12.peg.5521"
"PA14_67250",4383404,,
"PA14_67250",4383404,,"fig|208963.12.peg.5522"
"PA14_67260",4383405,,"fig|208963.12.peg.5523"
"PA14_67260",4383405,,
"PA14_67270",4383406,,
"PA14_67270",4383406,,"fig|208963.12.peg.5524"
"PA14_67280",4383407,,
"PA14_67280",4383407,,"fig|208963.12.peg.5525"
"PA14_67300",4383408,,"fig|208963.12.peg.5526"
"PA14_67300",4383408,,
"PA14_67310",4383409,,
"PA14_67310",4383409,,"fig|208963.12.peg.5527"
"PA14_67320",4383410,,
"PA14_67320",4383410,,"fig|208963.12.peg.5528"
"PA14_67340",4383411,,
"PA14_67340",4383411,,"fig|208963.12.peg.5529"
"PA14_67350",4383412,,
"PA14_67350",4383412,,"fig|208963.12.peg.5530"
"PA14_67440",4383418,,"fig|208963.12.peg.5536"
"PA14_67440",4383418,,
"PA14_67490",4383422,,
"PA14_67490",4383422,,"fig|208963.12.peg.5540"
"PA14_67500",4383423,,"fig|208963.12.peg.5541"
"PA14_67500",4383423,,
"PA14_67600",4383431,,
"PA14_67600",4383431,,"fig|208963.12.peg.5550"
"PA14_67630",4383433,,"fig|208963.12.peg.5552"
"PA14_67630",4383433,,
"PA14_67770",4383443,,"fig|208963.12.peg.5562"
"PA14_67770",4383443,,
"PA14_67880",4383452,,"fig|208963.12.peg.5571"
"PA14_67880",4383452,,
"PA14_67890",4383453,,
"PA14_67890",4383453,,"fig|208963.12.peg.5572"
"PA14_67920",4383455,,
"PA14_67920",4383455,,"fig|208963.12.peg.5574"
"PA14_67930",4383456,,"fig|208963.12.peg.5575"
"PA14_67930",4383456,,
"PA14_67970",4383459,,
"PA14_67970",4383459,,"fig|208963.12.peg.5578"
"PA14_68060",4383466,,"fig|208963.12.peg.5586"
"PA14_68060",4383466,,
"PA14_68070",4383467,,
"PA14_68070",4383467,,"fig|208963.12.peg.5587"
"PA14_68080",4383468,,"fig|208963.12.peg.5588"
"PA14_68080",4383468,,
"PA14_68090",4383469,,"fig|208963.12.peg.5589"
"PA14_68090",4383469,,
"PA14_68170",4383475,,
"PA14_68170",4383475,,"fig|208963.12.peg.5595"
"PA14_68190",4383476,,
"PA14_68190",4383476,,"fig|208963.12.peg.5596"
"PA14_68200",4383477,,
"PA14_68200",4383477,,"fig|208963.12.peg.5597"
"PA14_68210",4383478,,"fig|208963.12.peg.5598"
"PA14_68210",4383478,,
"PA14_68260",4383481,,"fig|208963.12.peg.5601"
"PA14_68260",4383481,,
"PA14_68280",4384389,,"fig|208963.12.peg.5602"
"PA14_68280",4384389,,
"PA14_68290",4384390,,"fig|208963.12.peg.5603"
"PA14_68290",4384390,,
"PA14_68300",4384391,,
"PA14_68300",4384391,,"fig|208963.12.peg.5604"
"PA14_68330",4384392,,"fig|208963.12.peg.5605"
"PA14_68330",4384392,,
"PA14_68340",4384393,,"fig|208963.12.peg.5606"
"PA14_68340",4384393,,
"PA14_68350",4384394,,"fig|208963.12.peg.5607"
"PA14_68350",4384394,,
"PA14_68360",4384395,,
"PA14_68360",4384395,,"fig|208963.12.peg.5608"
"PA14_68370",4384396,,"fig|208963.12.peg.5609"
"PA14_68370",4384396,,
"PA14_68530",4384371,,
"PA14_68530",4384371,,"fig|208963.12.peg.5623"
"PA14_68580",4384375,,
"PA14_68580",4384375,,"fig|208963.12.peg.5627"
"PA14_68730",4384386,,"fig|208963.12.peg.5639"
"PA14_68730",4384386,,
"PA14_68740",4384387,,"fig|208963.12.peg.5640"
"PA14_68740",4384387,,
"PA14_68770",4385380,,
"PA14_68770",4385380,,"fig|208963.12.peg.5642"
"PA14_68780",4385381,,"fig|208963.12.peg.5643"
"PA14_68780",4385381,,
"PA14_68850",4385387,,
"PA14_68850",4385387,,"fig|208963.12.peg.5649"
"PA14_68870",4385389,,
"PA14_68870",4385389,,"fig|208963.12.peg.5651"
"PA14_68890",4385390,,
"PA14_68890",4385390,,"fig|208963.12.peg.5652"
"PA14_68900",4385391,,
"PA14_68900",4385391,,"fig|208963.12.peg.5653"
"PA14_68920",4385392,,
"PA14_68920",4385392,,"fig|208963.12.peg.5654"
"PA14_68955",4384038,,
"PA14_68955",4384038,,"fig|208963.12.peg.5657"
"PA14_68980",4385396,,"fig|208963.12.peg.5659"
"PA14_68980",4385396,,
"PA14_69130",4382443,,"fig|208963.12.peg.5672"
"PA14_69130",4382443,,
"PA14_69140",4382444,,
"PA14_69140",4382444,,"fig|208963.12.peg.5673"
"PA14_69150",4382445,,"fig|208963.12.peg.5674"
"PA14_69150",4382445,,
"PA14_69170",4382446,,"fig|208963.12.peg.5675"
"PA14_69170",4382446,,
"PA14_69240",4382451,,
"PA14_69240",4382451,,"fig|208963.12.peg.5681"
"PA14_69430",4384480,,
"PA14_69430",4384480,,"fig|208963.12.peg.5697"
"PA14_69440",4384481,,
"PA14_69440",4384481,,"fig|208963.12.peg.5698"
"PA14_69450",4384482,,
"PA14_69450",4384482,,"fig|208963.12.peg.5699"
"PA14_69500",4384485,,"fig|208963.12.peg.5702"
"PA14_69500",4384485,,
"PA14_69570",4385052,,"fig|208963.12.peg.5708"
"PA14_69570",4385052,,
"PA14_69610",4385056,,
"PA14_69610",4385056,,"fig|208963.12.peg.5712"
"PA14_69670",4385061,,"fig|208963.12.peg.5718"
"PA14_69670",4385061,,
"PA14_69690",4385062,,
"PA14_69690",4385062,,"fig|208963.12.peg.5719"
"PA14_69795",4384193,,
"PA14_69795",4384193,,"fig|208963.12.peg.5728"
"PA14_69850",4385173,,
"PA14_69850",4385173,,"fig|208963.12.peg.5732"
"PA14_69870",4385174,,"fig|208963.12.peg.5733"
"PA14_69870",4385174,,
"PA14_69925",4384183,,
"PA14_69925",4384183,,"fig|208963.12.peg.5738"
"PA14_69990",4385183,,
"PA14_69990",4385183,,"fig|208963.12.peg.5743"
"PA14_70040",4385185,,"fig|208963.12.peg.5745"
"PA14_70040",4385185,,
"PA14_70100",4384011,,
"PA14_70100",4384011,,"fig|208963.12.peg.5750"
"PA14_70110",4384012,,
"PA14_70110",4384012,,"fig|208963.12.peg.5751"
"PA14_70140",4384014,,
"PA14_70140",4384014,,"fig|208963.12.peg.5753"
"PA14_70240",4384022,,"fig|208963.12.peg.5762"
"PA14_70240",4384022,,
"PA14_70260",4384023,,
"PA14_70260",4384023,,"fig|208963.12.peg.5763"
"PA14_70270",4384024,,"fig|208963.12.peg.5764"
"PA14_70270",4384024,,
"PA14_70280",4384025,,
"PA14_70280",4384025,,"fig|208963.12.peg.5765"
"PA14_70370",4385094,,"fig|208963.12.peg.5773"
"PA14_70370",4385094,,
"PA14_70440",4385099,,
"PA14_70440",4385099,,"fig|208963.12.peg.5778"
"PA14_70470",4385101,,
"PA14_70470",4385101,,"fig|208963.12.peg.5780"
"PA14_70720",4385257,,
"PA14_70720",4385257,,"fig|208963.12.peg.5801"
"PA14_70730",4385258,,"fig|208963.12.peg.5802"
"PA14_70730",4385258,,
"PA14_70810",4385070,,
"PA14_70810",4385070,,"fig|208963.12.peg.5810"
"PA14_70830",4385071,,
"PA14_70830",4385071,,"fig|208963.12.peg.5811"
"PA14_70850",4385072,,
"PA14_70850",4385072,,"fig|208963.12.peg.5812"
"PA14_70860",4385073,,
"PA14_70860",4385073,,"fig|208963.12.peg.5813"
"PA14_70920",4385074,,"fig|208963.12.peg.5814"
"PA14_70920",4385074,,
"PA14_70940",4385076,,
"PA14_70940",4385076,,"fig|208963.12.peg.5816"
"PA14_70950",4385077,,
"PA14_70950",4385077,,"fig|208963.12.peg.5817"
"PA14_70980",4385079,,
"PA14_70980",4385079,,"fig|208963.12.peg.5820"
"PA14_71000",4385080,,"fig|208963.12.peg.5821"
"PA14_71000",4385080,,
"PA14_71020",4385081,,
"PA14_71020",4385081,,"fig|208963.12.peg.5822"
"PA14_71030",4385082,,
"PA14_71030",4385082,,"fig|208963.12.peg.5823"
"PA14_71060",4385083,,"fig|208963.12.peg.5825"
"PA14_71060",4385083,,
"PA14_71220",4384983,,
"PA14_71220",4384983,,"fig|208963.12.peg.5840"
"PA14_71440",4380597,,
"PA14_71440",4380597,,"fig|208963.12.peg.5859"
"PA14_71460",4380599,,"fig|208963.12.peg.5861"
"PA14_71460",4380599,,
"PA14_71470",4380600,,
"PA14_71470",4380600,,"fig|208963.12.peg.5862"
"PA14_71490",4380601,,
"PA14_71490",4380601,,"fig|208963.12.peg.5863"
"PA14_71500",4380602,,
"PA14_71500",4380602,,"fig|208963.12.peg.5864"
"PA14_71510",4380603,,
"PA14_71510",4380603,,"fig|208963.12.peg.5865"
"PA14_71530",4380604,,"fig|208963.12.peg.5866"
"PA14_71530",4380604,,
"PA14_71560",4385010,,"fig|208963.12.peg.5867"
"PA14_71560",4385010,,
"PA14_71600",4385014,,"fig|208963.12.peg.5871"
"PA14_71600",4385014,,
"PA14_71620",4385015,,
"PA14_71620",4385015,,"fig|208963.12.peg.5872"
"PA14_71630",4385016,,
"PA14_71630",4385016,,"fig|208963.12.peg.5874"
"PA14_71650",4385018,,
"PA14_71650",4385018,,"fig|208963.12.peg.5876"
"PA14_71710",4385023,,"fig|208963.12.peg.5881"
"PA14_71710",4385023,,
"PA14_71720",4385024,,"fig|208963.12.peg.5882"
"PA14_71720",4385024,,
"PA14_71740",4385025,,"fig|208963.12.peg.5883"
"PA14_71740",4385025,,
"PA14_71800",4384933,,"fig|208963.12.peg.5887"
"PA14_71800",4384933,,
"PA14_71910",4384942,,
"PA14_71910",4384942,,"fig|208963.12.peg.5896"
"PA14_71920",4384943,,
"PA14_71920",4384943,,"fig|208963.12.peg.5897"
"PA14_71930",4384944,,
"PA14_71930",4384944,,"fig|208963.12.peg.5898"
"PA14_71940",4384945,,"fig|208963.12.peg.5899"
"PA14_71940",4384945,,
"PA14_71960",4384946,,"fig|208963.12.peg.5900"
"PA14_71960",4384946,,
"PA14_71970",4384947,,
"PA14_71970",4384947,,"fig|208963.12.peg.5901"
"PA14_71990",4384948,,"fig|208963.12.peg.5902"
"PA14_71990",4384948,,
"PA14_72000",4384949,,
"PA14_72000",4384949,,"fig|208963.12.peg.5903"
"PA14_72170",4385001,,
"PA14_72170",4385001,,"fig|208963.12.peg.5917"
"PA14_72280",4385009,,
"PA14_72280",4385009,,"fig|208963.12.peg.5926"
"PA14_72340",4385148,,
"PA14_72340",4385148,,"fig|208963.12.peg.5930"
"PA14_72510",4385164,,
"PA14_72510",4385164,,"fig|208963.12.peg.5945"
"PA14_72550",4383619,,
"PA14_72550",4383619,,"fig|208963.12.peg.5948"
"PA14_72580",4383621,,
"PA14_72580",4383621,,"fig|208963.12.peg.5950"
"PA14_72590",4383622,,"fig|208963.12.peg.5951"
"PA14_72590",4383622,,
"PA14_72620",4383624,,"fig|208963.12.peg.5953"
"PA14_72620",4383624,,
"PA14_72630",4383625,,
"PA14_72630",4383625,,"fig|208963.12.peg.5954"
"PA14_72640",4383626,,
"PA14_72640",4383626,,"fig|208963.12.peg.5955"
"PA14_72690",4383629,,"fig|208963.12.peg.5958"
"PA14_72690",4383629,,
"PA14_72780",4382376,,
"PA14_72780",4382376,,"fig|208963.12.peg.5966"
"PA14_72850",4382383,,"fig|208963.12.peg.5972"
"PA14_72850",4382383,,
"PA14_72870",4382384,,
"PA14_72870",4382384,,"fig|208963.12.peg.5973"
"PA14_72960",4382391,,"fig|208963.12.peg.5982"
"PA14_72960",4382391,,
"PA14_73170",4385277,,
"PA14_73170",4385277,,"fig|208963.12.peg.6001"
"PA14_73220",4385280,,
"PA14_73220",4385280,,"fig|208963.12.peg.6004"
"PA14_73230",4385281,,"fig|208963.12.peg.6005"
"PA14_73230",4385281,,
"PA14_73240",4384083,,
"PA14_73240",4384083,,"fig|208963.12.peg.6006"
"PA14_73250",4384084,,"fig|208963.12.peg.6007"
"PA14_73250",4384084,,
"PA14_73260",4384085,,"fig|208963.12.peg.6008"
"PA14_73260",4384085,,
"PA14_73280",4384086,,"fig|208963.12.peg.6009"
"PA14_73280",4384086,,
"PA14_73290",4384087,,"fig|208963.12.peg.6010"
"PA14_73290",4384087,,
"PA14_73300",4384088,,"fig|208963.12.peg.6011"
"PA14_73300",4384088,,
"PA14_73310",4384089,,"fig|208963.12.peg.6012"
"PA14_73310",4384089,,
"PA14_73320",4384090,,"fig|208963.12.peg.6013"
"PA14_73320",4384090,,
"unassigned",,,
"SPONTANEOUS",,,
"Unassigned",,,